issue_uuid,issue_uid,issue_title_uid,title_node_id,issue_title_full,issue_date,issue_title,issue_editor,issue_imprint,issue_ppc,issue_extent,issue_content_url
1,10s19340700,10s,contexts2,"10 Story Book, Vol. 7, No. 2 (Jul. 1934)",1934-0700,10 Story Book,Harry Stephen Keeler,10 Story Book Corp.,25,64,http://www.pulpmags.org/collections/flb/10s19340700/index.html
2,10w19491200,10w,pulpmags,"10-Story Western, Vol. 41, No. 1 (Dec. 1949)",1949-1200,10-Story Western,Harry Widmer,"Popular Publications, Inc. (Toronto)",15,96,http://www.pulpmags.org/collections/flb/10w19491200/index.html
3,15w19530100,15w,pulpmags,"15 Western Tales, Vol. 26, No. 3 (Jan. 1953)",1953-0100,15 Western Tales,Eiler Jacobsen,"Popular Publications, Inc.",25,116,http://www.pulpmags.org/collections/flb/15w19530100/index.html
4,2gw19420400,2gw,pulpmags,"2-Gun Western Novels, Vol. 3, No. 2 (Apr. 1942)",1942-0400,2-Gun Western Novels,Robert O. Erisman,Western Fiction Publishing Co.,10,116,http://www.pulpmags.org/collections/flb/2gw19420400/index.html
5,2gw19551100,2gw,pulpmags,"2-Gun Western, Vol. 2, No. 5 (Nov. 1955)",1955-1100,2-Gun Western,Robert O. Erisman,Stadium Publishing Corp.,25,94,http://www.pulpmags.org/collections/flb/2gw19551100/index.html
6,aas19210416,aas,pulpmags,"Argosy All-Story Weekly, Vol. 133, No. 1 (Apr. 16, 1921)",1921-0416,Argosy All-Story Weekly,Robert H. Davis,Frank A. Munsey Co.,10,144,http://www.pulpmags.org/collections/flb/aas19210416/index.html
7,aas19221021,aas,pulpmags,"Argosy All-Story Weekly, Vol. 146, No. 4 (Oct. 21, 1922)",1922-1021,Argosy All-Story Weekly,Robert H. Davis,Frank A. Munsey Co.,10,172,http://www.pulpmags.org/collections/flb/aas19221021/index.html
8,aas19231201,aas,pulpmags,"Argosy All-Story Weekly, Vol. 156, No. 2 (Dec. 1, 1923)",1923-1201,Argosy All-Story Weekly,Robert H. Davis,Frank A. Munsey Co.,10,188,http://www.pulpmags.org/collections/flb/aas19231201/index.html
9,aas19231208,aas,pulpmags,"Argosy All-Story Weekly, Vol. 156, No. 3 (Dec. 8, 1923)",1923-1208,Argosy All-Story Weekly,Robert H. Davis,Frank A. Munsey Co.,10,180,http://www.pulpmags.org/collections/flb/aas19231208/index.html
10,aas19231215,aas,pulpmags,"Argosy All-Story Weekly, Vol. 156, No. 4 (Dec. 15, 1923)",1923-1215,Argosy All-Story Weekly,Robert H. Davis,Frank A. Munsey Co.,10,168,http://www.pulpmags.org/collections/flb/aas19231215/index.html
11,aas19241101,aas,pulpmags,"Argosy All-Story Weekly, Vol. 164, No. 2 (Nov. 1, 1924)",1924-1101,Argosy All-Story Weekly,Robert H. Davis,Frank A. Munsey Co.,10,144,http://www.pulpmags.org/collections/flb/aas19241101/index.html
12,aas19280915,aas,pulpmags,"Argosy All-Story Weekly, Vol. 197, No. 6 (Sep. 15, 1928)",1928-0915,Argosy All-Story Weekly,Robert H. Davis,Frank A. Munsey Co.,10,144,http://www.pulpmags.org/collections/flb/aas19280915/index.html
13,aaw19101209,aaw,contexts1,"All-Around Weekly, Vol. 0, No. 59 (Dec. 9, 1910)",1910-1209,All-Around Weekly,Luis Senarens,"Frank Tousey, Pub.",5,36,http://www.pulpmags.org/collections/flb/aaw19101209/index.html
14,adv19110200,adv,pulpmags,"Adventure, Vol. 1, No. 4 (Feb. 1911)",1911-0200,Adventure,Trumbull White,Ridgway Company,15,196,http://www.pulpmags.org/collections/flb/adv19110200/index.html
15,adv19110600,adv,pulpmags,"Adventure, Vol. 2, No. 2 (Jun. 1911)",1911-0600,Adventure,Trumbull White,Ridgway Company,15,194,http://www.pulpmags.org/collections/flb/adv19110600/index.html
16,adv19151000,adv,pulpmags,"Adventure, Vol. 10, No. 6 (Oct. 1915)",1915-1000,Adventure,Arthur Sullivant Hoffman,Ridgway Company,15,228,http://www.pulpmags.org/collections/flb/adv19151000/index.html
17,adv19160800,adv,pulpmags,"Adventure, Vol. 12, No. 4 (Aug. 1916)",1916-0800,Adventure,Arthur Sullivant Hoffman,Ridgway Company,15,228,http://www.pulpmags.org/collections/flb/adv19160800/index.html
18,adv19180403,adv,pulpmags,"Adventure, Vol. 17, No. 1 (Apr. 3, 1918)",1918-0403,Adventure,Arthur Sullivant Hoffman,Ridgway Company,20,196,http://www.pulpmags.org/collections/flb/adv19180403/index.html
19,adv19180718,adv,pulpmags,"Adventure, Vol. 18, No. 2 (Jul. 18, 1918)",1918-0718,Adventure,Arthur Sullivant Hoffman,Ridgway Company,20,196,http://www.pulpmags.org/collections/flb/adv19180718/index.html
20,adv19180803,adv,pulpmags,"Adventure, Vol. 18, No. 3 (Aug. 3, 1918)",1918-0803,Adventure,Arthur Sullivant Hoffman,Ridgway Company,20,196,http://www.pulpmags.org/collections/flb/adv19180803/index.html
21,adv19180818,adv,pulpmags,"Adventure, Vol. 18, No. 4 (Aug. 18, 1918)",1918-0818,Adventure,Arthur Sullivant Hoffman,Ridgway Company,20,196,http://www.pulpmags.org/collections/flb/adv19180818/index.html
22,adv19180903,adv,pulpmags,"Adventure, Vol. 18, No. 5 (Sep. 3, 1918)",1918-0903,Adventure,Arthur Sullivant Hoffman,Ridgway Company,20,196,http://www.pulpmags.org/collections/flb/adv19180903/index.html
23,adv19180918,adv,pulpmags,"Adventure, Vol. 18, No. 6 (Sep. 18, 1918)",1918-0918,Adventure,Arthur Sullivant Hoffman,Ridgway Company,20,196,http://www.pulpmags.org/collections/flb/adv19180918/index.html
24,adv19190803,adv,pulpmags,"Adventure, Vol. 22, No. 3 (Aug. 3, 1919)",1919-0803,Adventure,Arthur Sullivant Hoffman,Ridgway Company,20,204,http://www.pulpmags.org/collections/flb/adv19190803/index.html
25,adv19191203,adv,pulpmags,"Adventure, Vol. 23, No. 5 (Dec. 3, 1919)",1919-1203,Adventure,Arthur Sullivant Hoffman,Ridgway Company,20,208,http://www.pulpmags.org/collections/flb/adv19191203/index.html
26,adv19250610,adv,pulpmags,"Adventure, Vol. 53, No. 1 (Jun. 10, 1925)",1925-0610,Adventure,Arthur Sullivant Hoffman,Ridgway Company,25,196,http://www.pulpmags.org/collections/flb/adv19250610/index.html
27,adv19250620,adv,pulpmags,"Adventure, Vol. 53, No. 2 (Jun. 20, 1925)",1925-0620,Adventure,Arthur Sullivant Hoffman,Ridgway Company,25,196,http://www.pulpmags.org/collections/flb/adv19250620/index.html
28,adv19250630,adv,pulpmags,"Adventure, Vol. 53, No. 3 (Jun. 30, 1925)",1925-0630,Adventure,Arthur Sullivant Hoffman,Ridgway Company,25,196,http://www.pulpmags.org/collections/flb/adv19250630/index.html
29,adv19250710,adv,pulpmags,"Adventure, Vol. 53, No. 4 (Jul. 10, 1925)",1925-0710,Adventure,Arthur Sullivant Hoffman,Ridgway Company,25,196,http://www.pulpmags.org/collections/flb/adv19250710/index.html
30,adv19250720,adv,pulpmags,"Adventure, Vol. 53, No. 5 (Jul. 20, 1925)",1925-0720,Adventure,Arthur Sullivant Hoffman,Ridgway Company,25,196,http://www.pulpmags.org/collections/flb/adv19250720/index.html
31,adv19250730,adv,pulpmags,"Adventure, Vol. 53, No. 6 (Jul. 30, 1925)",1925-0730,Adventure,Arthur Sullivant Hoffman,Ridgway Company,25,196,http://www.pulpmags.org/collections/flb/adv19250730/index.html
32,adv19250810,adv,pulpmags,"Adventure, Vol. 54, No. 1 (Aug. 10, 1925)",1925-0810,Adventure,Arthur Sullivant Hoffman,Ridgway Company,25,196,http://www.pulpmags.org/collections/flb/adv19250810/index.html
33,adv19280701,adv,pulpmags,"Adventure, Vol. 67, No. 2 (Jul. 1, 1928)",1928-0701,Adventure,Anthony M. Rud,Butterick Publishing Co.,25,200,http://www.pulpmags.org/collections/flb/adv19280701/index.html
34,adv19350615,adv,pulpmags,"Adventure, Vol. 92, No. 4 (Jun. 15, 1935)",1935-0615,Adventure,Howard V.L. Bloomfield,"Popular Publications, Inc.",15,132,http://www.pulpmags.org/collections/flb/adv19350615/index.html
35,adv19490500,adv,pulpmags,"Adventure, Vol. 121, No. 1 (May 1949)",1949-0500,Adventure,Kendall W. Goodwyn,"Popular Publications, Inc.",25,132,http://www.pulpmags.org/collections/flb/adv19490500/index.html
36,air19270800,air,pulpmags,"Air Stories, Vol. 1, No. 1 (Aug. 1927)",1927-0800,Air Stories,J. B. Kelly,"Fiction House, Inc.",20,132,http://www.pulpmags.org/collections/flb/air19270800/index.html
37,ams19260400,ams,pulpmags,"Amazing Stories, Vol. 1, No. 1 (Apr. 1926)",1926-0400,Amazing Stories,Hugo Gernsback,Experimenter Publishing Co.,25,100,http://www.pulpmags.org/collections/flb/ams19260400/index.html
38,ams19260500,ams,pulpmags,"Amazing Stories, Vol. 1, No. 2 (May 1926)",1926-0500,Amazing Stories,Hugo Gernsback,Experimenter Publishing Co.,25,100,http://www.pulpmags.org/collections/flb/ams19260500/index.html
39,ams19260600,ams,pulpmags,"Amazing Stories, Vol. 1, No. 3 (Jun. 1926)",1926-0600,Amazing Stories,Hugo Gernsback,Experimenter Publishing Co.,25,100,http://www.pulpmags.org/collections/flb/ams19260600/index.html
40,ams19260700,ams,pulpmags,"Amazing Stories, Vol. 1, No. 4 (Jul. 1926)",1926-0700,Amazing Stories,Hugo Gernsback,Experimenter Publishing Co.,25,100,http://www.pulpmags.org/collections/flb/ams19260700/index.html
41,ams19260800,ams,pulpmags,"Amazing Stories, Vol. 1, No. 5 (Aug. 1926)",1926-0800,Amazing Stories,Hugo Gernsback,Experimenter Publishing Co.,25,100,http://www.pulpmags.org/collections/flb/ams19260800/index.html
42,ams19260900,ams,pulpmags,"Amazing Stories, Vol. 1, No. 6 (Sep. 1926)",1926-0900,Amazing Stories,Hugo Gernsback,Experimenter Publishing Co.,25,100,http://www.pulpmags.org/collections/flb/ams19260900/index.html
43,ams19261000,ams,pulpmags,"Amazing Stories, Vol. 1, No. 7 (Oct. 1926)",1926-1000,Amazing Stories,Hugo Gernsback,Experimenter Publishing Co.,25,100,http://www.pulpmags.org/collections/flb/ams19261000/index.html
44,ams19261100,ams,pulpmags,"Amazing Stories, Vol. 1, No. 8 (Nov. 1926)",1926-1100,Amazing Stories,Hugo Gernsback,Experimenter Publishing Co.,25,100,http://www.pulpmags.org/collections/flb/ams19261100/index.html
45,ams19261200,ams,pulpmags,"Amazing Stories, Vol. 1, No. 9 (Dec. 1926)",1926-1200,Amazing Stories,Hugo Gernsback,Experimenter Publishing Co.,25,100,http://www.pulpmags.org/collections/flb/ams19261200/index.html
46,ams19270800,ams,pulpmags,"Amazing Stories, Vol. 2, No. 5 (Aug. 1927)",1927-0800,Amazing Stories,Hugo Gernsback,Experimenter Publishing Co.,25,104,http://www.pulpmags.org/collections/flb/ams19270800/index.html
47,ams19280400,ams,pulpmags,"Amazing Stories, Vol. 3, No. 1 (Apr. 1928)",1928-0400,Amazing Stories,Hugo Gernsback,Experimenter Publishing Co.,25,96,http://www.pulpmags.org/collections/flb/ams19280400/index.html
48,ams19340500,ams,pulpmags,"Amazing Stories, Vol. 9, No. 1 (May 1934)",1934-0500,Amazing Stories,"T. O'Conor Sloane, Ph.D.","Teck Publications, Inc.",25,144,http://www.pulpmags.org/collections/flb/ams19340500/index.html
49,arg19050800,arg,pulpmags,"Argosy, The, Vol. 49, No. 1 (Aug. 1905)",1905-0800,"Argosy, The","Matthew White, Jr.",Frank A. Munsey Co.,10,224,http://www.pulpmags.org/collections/flb/arg19050800/index.html
50,arg19081100,arg,pulpmags,"Argosy, The, Vol. 58, No. 4 (Nov. 1908)",1908-1100,"Argosy, The","Matthew White, Jr.",Frank A. Munsey Co.,10,244,http://www.pulpmags.org/collections/flb/arg19081100/index.html
51,arg19090500,arg,pulpmags,"Argosy, The, Vol. 60, No. 2 (May 1909)",1909-0500,"Argosy, The","Matthew White, Jr.",Frank A. Munsey Co.,10,244,http://www.pulpmags.org/collections/flb/arg19090500/index.html
52,arg19200327,arg,pulpmags,"Argosy, Vol. 119, No. 2 (Mar. 27, 1920)",1920-0327,Argosy,"Matthew White, Jr.",Frank A. Munsey Co.,10,160,http://www.pulpmags.org/collections/flb/arg19200327/index.html
53,arg19300315,arg,pulpmags,"Argosy, Vol. 210, No. 6 (Mar. 15, 1930)",1930-0315,Argosy,Archibald Bittner,Frank A. Munsey Co.,10,156,http://www.pulpmags.org/collections/flb/arg19300315/index.html
54,arg19370724,arg,pulpmags,"Argosy, Vol. 274, No. 5 (Jul. 24, 1937)",1937-0724,Argosy,Chandler H. Whipple,Frank A. Munsey Co.,10,148,http://www.pulpmags.org/collections/flb/arg19370724/index.html
55,arg19410315,arg,pulpmags,"Argosy, Vol. 36, No. 3 (Mar. 15, 1941)",1941-0315,Argosy,George W. Post,Frank A. Munsey Co. (William T. Dewart),10,68,http://www.pulpmags.org/collections/flb/arg19410315/index.html
56,arm19190405,arm,pulpmags,"Argosy and Railroad Man's Magazine, Vol. 16, No. 3 (Apr. 5, 1919)",1919-0405,Argosy and Railroad Man's Magazine,"Matthew White, Jr.",Frank A. Munsey Co.,10,196,http://www.pulpmags.org/collections/flb/arm19190405/index.html
57,asl19050311,asl,contexts1,"All-Sports Library, Vol. 0, No. 5 (Mar. 11, 1905)",1905-0311,All-Sports Library,(House Name),"Winner Library, Co.",5,32,http://www.pulpmags.org/collections/flb/asl19050311/index.html
58,asm19070500,asm,pulpmags,"All-Story Magazine, The, Vol. 8, No. 1 (May 1907)",1907-0500,"All-Story Magazine, The",Robert H. Davis,Frank A. Munsey Co.,10,192,http://www.pulpmags.org/collections/flb/asm19070500/index.html
59,asm19090800,asm,pulpmags,"All-Story Magazine, The, Vol. 14, No. 4 (Aug. 1909)",1909-0800,"All-Story Magazine, The",Robert H. Davis,Frank A. Munsey Co.,10,212,http://www.pulpmags.org/collections/flb/asm19090800/index.html
60,asm19131200,asm,pulpmags,"All-Story, The, Vol. 27, No. 4 (Dec. 1913)",1913-1200,"All-Story, The",Robert H. Davis,Frank A. Munsey Co.,15,268,http://www.pulpmags.org/collections/flb/asm19131200/index.html
61,asq19280100,asq,pulpmags,"Amazing Stories Quarterly, Vol. 1, No. 1 (Jan. 20, 1928)",1928-0120,Amazing Stories Quarterly,Hugo Gernsback,Experimenter Publishing Co.,50,148,http://www.pulpmags.org/collections/flb/asq19280100/index.html
62,asq19280400,asq,pulpmags,"Amazing Stories Quarterly, Vol. 1, No. 2 (Apr. 20, 1928)",1928-0420,Amazing Stories Quarterly,Hugo Gernsback,Experimenter Publishing Co.,50,148,http://www.pulpmags.org/collections/flb/asq19280400/index.html
63,asq19280700,asq,pulpmags,"Amazing Stories Quarterly, Vol. 1, No. 3 (Jul. 20, 1928)",1928-0720,Amazing Stories Quarterly,Hugo Gernsback,Experimenter Publishing Co.,50,148,http://www.pulpmags.org/collections/flb/asq19280700/index.html
64,asq19281000,asq,pulpmags,"Amazing Stories Quarterly, Vol. 1, No. 4 (Oct. 20, 1928)",1928-1020,Amazing Stories Quarterly,Hugo Gernsback,Experimenter Publishing Co.,50,148,http://www.pulpmags.org/collections/flb/asq19281000/index.html
65,ast19320200,ast,pulpmags,"Astounding Stories, Vol. 9, No. 2 (Feb. 1932)",1932-0200,Astounding Stories,Harry Bates,Clayton Magazines,20,148,http://www.pulpmags.org/collections/flb/ast19320200/index.html
66,ast19321100,ast,pulpmags,"Astounding Stories, Vol. 11, No. 2 (Nov. 1932)",1932-1100,Astounding Stories,Harry Bates,Clayton Magazines,20,148,http://www.pulpmags.org/collections/flb/ast19321100/index.html
67,ast19331100,ast,pulpmags,"Astounding Stories, Vol. 12, No. 3 (Nov. 1933)",1933-1100,Astounding Stories,F. Orlin Tremaine,Street & Smith Corp.,20,148,http://www.pulpmags.org/collections/flb/ast19331100/index.html
68,ast19360100,ast,pulpmags,"Astounding Stories, Vol. 16, No. 5 (Jan. 1936)",1936-0100,Astounding Stories,F. Orlin Tremaine,Street & Smith Corp.,20,164,http://www.pulpmags.org/collections/flb/ast19360100/index.html
69,asf19380800,asf,pulpmags,"Astounding Science-Fiction, Vol. 21, No. 6 (Aug. 1938)",1938-0800,Astounding Science-Fiction,"John W. Cambell, Jr.",Street & Smith Corp.,20,164,http://www.pulpmags.org/collections/flb/asf19380800/index.html
70,asw19140502,asw,pulpmags,"All-Story Weekly, Vol. 31, No. 1 (May 2, 1914)",1914-0502,All-Story Weekly,Robert H. Davis,Frank A. Munsey Co.,10,176,http://www.pulpmags.org/collections/flb/asw19140502/index.html
71,asw19140711,asw,pulpmags,"All-Story Weekly, Vol. 34, No. 1 (Jul. 11, 1914)",1914-0711,All-Story Weekly,Robert H. Davis,Frank A. Munsey Co.,10,176,http://www.pulpmags.org/collections/flb/asw19140711/index.html
72,asw19150605,asw,pulpmags,"All-Story Weekly, Vol. 45, No. 4 (Jun. 5, 1915)",1915-0605,All-Story Weekly,Robert H. Davis,Frank A. Munsey Co.,10,204,http://www.pulpmags.org/collections/flb/asw19150605/index.html
73,asw19160902,asw,pulpmags,"All-Story Weekly, Vol. 62, No. 1 (Sep. 2, 1916)",1916-0902,All-Story Weekly,Robert H. Davis,Frank A. Munsey Co.,10,176,http://www.pulpmags.org/collections/flb/asw19160902/index.html
74,asw19170203,asw,pulpmags,"All-Story Weekly, Vol. 67, No. 3 (Feb. 3, 1917)",1917-0203,All-Story Weekly,Robert H. Davis,Frank A. Munsey Co.,10,176,http://www.pulpmags.org/collections/flb/asw19170203/index.html
75,asw19170303,asw,pulpmags,"All-Story Weekly, Vol. 68, No. 3 (Mar. 3, 1917)",1917-0303,All-Story Weekly,Robert H. Davis,Frank A. Munsey Co.,10,176,http://www.pulpmags.org/collections/flb/asw19170303/index.html
76,asw19190125,asw,pulpmags,"All-Story Weekly, Vol. 93, No. 2 (Jan. 25, 1919)",1919-0125,All-Story Weekly,Robert H. Davis,Frank A. Munsey Co.,10,176,http://www.pulpmags.org/collections/flb/asw19190125/index.html
77,asw19190614,asw,pulpmags,"All-Story Weekly, Vol. 98, No. 2 (Jun. 14, 1919)",1919-0614,All-Story Weekly,Robert H. Davis,Frank A. Munsey Co.,10,192,http://www.pulpmags.org/collections/flb/asw19190614/index.html
78,asw19190621,asw,pulpmags,"All-Story Weekly, Vol. 98, No. 3 (Jun. 21, 1919)",1919-0621,All-Story Weekly,Robert H. Davis,Frank A. Munsey Co.,10,176,http://www.pulpmags.org/collections/flb/asw19190621/index.html
79,asw19191004,asw,pulpmags,"All-Story Weekly, Vol. 102, No. 2 (Oct. 04, 1919)",1919-1004,All-Story Weekly,Robert H. Davis,Frank A. Munsey Co.,10,176,http://www.pulpmags.org/collections/flb/asw19191004/index.html
80,asw19200619,asw,pulpmags,"All-Story Weekly, Vol. 111, No. 3 (Jun. 19, 1920)",1920-0619,All-Story Weekly,Robert H. Davis,Frank A. Munsey Co.,10,176,http://www.pulpmags.org/collections/flb/asw19200619/index.html
81,awm19500406,awm,pulpmags,"All Western Magazine, Vol. 1, No. 1 (Apr.-Jun. 1950)",1950-0406,All Western Magazine,Arthur Lawson,Dell Publishing Co.,25,164,http://www.pulpmags.org/collections/flb/awm19500406/index.html
82,aws19290700,aws,pulpmags,"Air Wonder Stories, Vol. 1, No. 1 (Jul. 1929)",1929-0700,Air Wonder Stories,David Lasser,Stellar Publishing Corp.,25,100,http://www.pulpmags.org/collections/flb/aws19290700/index.html
83,aws19290800,aws,pulpmags,"Air Wonder Stories, Vol. 1, No. 2 (Aug. 1929)",1929-0800,Air Wonder Stories,David Lasser,Stellar Publishing Corp.,25,100,http://www.pulpmags.org/collections/flb/aws19290800/index.html
84,aws19291200,aws,pulpmags,"Air Wonder Stories, Vol. 1, No. 6 (Dec. 1929)",1929-1200,Air Wonder Stories,David Lasser,Stellar Publishing Corp.,25,100,http://www.pulpmags.org/collections/flb/aws19291200/index.html
85,aws19300500,aws,pulpmags,"Air Wonder Stories, Vol. 1, No. 11 (May 1930)",1930-0500,Air Wonder Stories,David Lasser,Stellar Publishing Corp.,25,100,http://www.pulpmags.org/collections/flb/aws19300500/index.html
86,bas19370100,bas,pulpmags,"Basketball Stories, Vol. 1, No. 1 (Jan. 1937)",1937-0100,Basketball Stories,Malcolm Reiss,"Fiction House, Inc.",20,132,http://www.pulpmags.org/collections/flb/bas19370100/index.html
87,bed19350100,bed,contexts2,"Bedtime Tales, Vol. 1, No. 10 (Jan. 1935)",1935-0100,Bedtime Tales,Harry Donenfeld,D.M. Publishing Co.,25,52,http://www.pulpmags.org/collections/flb/bed19350100/index.html
88,blc18991200,blc,contexts3,"Black Cat, The, Vol. 5, No. 3 (Dec. 1899)",1899-1200,"Black Cat, The",Herman D. Umbstaetter,Shortstory Publishing Co.,5,92,http://pitt.edu/~belk/pulpmags/collections/flb/blc18991200/index.html
89,blm19200800,blm,pulpmags,"Black Mask, The, Vol. 1, No. 5 (Aug. 1920)",1920-0800,"Black Mask, The",F. M. Osborne,Pro-Distributors Publishing Co.,20,132,http://www.pulpmags.org/collections/flb/blm19200800/index.html
90,blm19200900,blm,pulpmags,"Black Mask, The, Vol. 1, No. 6 (Sep. 1920)",1920-0900,"Black Mask, The",F. M. Osborne,Pro-Distributors Publishing Co.,20,136,http://www.pulpmags.org/collections/flb/blm19200900/index.html
91,blm19201100,blm,pulpmags,"Black Mask, The, Vol. 2, No. 2 (Nov. 1920)",1920-1100,"Black Mask, The",F. M. Osborne,Pro-Distributors Publishing Co.,20,136,http://www.pulpmags.org/collections/flb/blm19201100/index.html
92,blm19211200,blm,pulpmags,"Black Mask, The, Vol. 4, No. 3 (Dec. 1921)",1921-1200,"Black Mask, The",F. M. Osborne,Pro-Distributors Publishing Co.,20,132,http://www.pulpmags.org/collections/flb/blm19211200/index.html
93,blm19220400,blm,pulpmags,"Black Mask, The, Vol. 5, No. 1 (Apr. 1922)",1922-0400,"Black Mask, The",F. M. Osborne,Pro-Distributors Publishing Co.,20,132,http://www.pulpmags.org/collections/flb/blm19220400/index.html
94,blm19220800,blm,pulpmags,"Black Mask, The, Vol. 5, No. 5 (Aug. 1922)",1922-0800,"Black Mask, The",F. M. Osborne,Pro-Distributors Publishing Co.,20,132,http://www.pulpmags.org/collections/flb/blm19220800/index.html
95,blu19160800,blu,pulpmags,"Blue Book Magazine, The, Vol. 23, No. 4 (Aug. 1916)",1916-0800,"Blue Book Magazine, The",Ray Long,Story-Press Corp.,15,240,http://www.pulpmags.org/collections/flb/blu19160800/index.html
96,blu19201000,blu,pulpmags,"Blue Book Magazine, The, Vol. 31, No. 6 (Oct. 1920)",1920-1000,"Blue Book Magazine, The",Karl Edwin Harriman,Story-Press Corp.,20,212,http://www.pulpmags.org/collections/flb/blu19201000/index.html
97,blu19240100,blu,pulpmags,"Blue Book Magazine, The, Vol. 38, No. 3 (Jan. 1924)",1924-0100,"Blue Book Magazine, The",Karl Edwin Harriman,Consolidated Magazines Corp.,20,192,http://www.pulpmags.org/collections/flb/blu19240100/index.html
98,blu19261100,blu,pulpmags,"Blue Book Magazine, The, Vol. 44, No. 1 (Nov. 1926)",1926-1100,"Blue Book Magazine, The",Karl Edwin Harriman,Consolidated Magazines Corp.,25,196,http://www.pulpmags.org/collections/flb/blu19261100/index.html
99,blu19360500,blu,pulpmags,"Blue Book Magazine, The, Vol. 63, No. 1 (May 1936)",1936-0500,"Blue Book Magazine, The",Donald Kennicott,McCall Corp.,15,144,http://www.pulpmags.org/collections/flb/blu19360500/index.html
100,blu19370300,blu,pulpmags,"Blue Book Magazine, The, Vol. 64, No. 5 (Mar. 1937)",1937-0300,"Blue Book Magazine, The",Donald Kennicott,McCall Corp.,15,144,http://www.pulpmags.org/collections/flb/blu19370300/index.html
101,blu19380700,blu,pulpmags,"Blue Book Magazine, The, Vol. 67, No. 3 (Jul. 1938)",1938-0700,"Blue Book Magazine, The",Donald Kennicott,McCall Corp.,15,144,http://www.pulpmags.org/collections/flb/blu19380700/index.html
102,blu19400600,blu,pulpmags,"Blue Book Magazine, The, Vol. 71, No. 2 (Jun. 1940)",1940-0600,"Blue Book Magazine, The",Donald Kennicott,McCall Corp.,25,192,http://www.pulpmags.org/collections/flb/blu19400600/index.html
103,blu19400700,blu,pulpmags,"Blue Book Magazine, The, Vol. 71, No. 3 (Jul. 1940)",1940-0700,"Blue Book Magazine, The",Donald Kennicott,McCall Corp.,25,192,http://www.pulpmags.org/collections/flb/blu19400700/index.html
104,blu19410200,blu,pulpmags,"Blue Book Magazine, The, Vol. 72, No. 4 (Feb. 1941)",1941-0200,"Blue Book Magazine, The",Donald Kennicott,McCall Corp.,25,192,http://www.pulpmags.org/collections/flb/blu19410200/index.html
105,bre19160300,bre,pulpmags,"Breezy Stories, Vol. 2, No. 1 (Mar. 1916)",1916-0300,Breezy Stories,Cashel St. John Pomeroy,C.H. Young Pub. Co.,15,128,http://www.pulpmags.org/collections/flb/bre19160300/index.html
106,buf19010525,buf,contexts1,"Buffalo Bill Stories, The, Vol. 0, No. 2 (May 25, 1901)",1901-0525,"Buffalo Bill Stories, The",Frank Blackwell,Street & Smith Corp.,5,36,http://www.pulpmags.org/collections/flb/buf19010525/index.html
107,cav19120928,cav,pulpmags,"Cavalier, The, Vol. 20, No. 3 (Sep. 28, 1912)",1912-0928,"Cavalier, The",Robert H. Davis,Frank A. Munsey Co.,10,208,http://www.pulpmags.org/collections/flb/cav19120928/index.html
108,col19190614,col,contexts3,"Collier's Weekly, Vol. 63, No. 24 (Jun. 14, 1919)",1919-0614,Collier's Weekly,Norman Hapgood,P.F. Collier & Son,5,54,http://pitt.edu/~belk/pulpmags/collections/flb/col19190614/index.html
109,ddl18990315,ddl,contexts1,"Deadwood Dick Library, Vol. 4, No. 50 (Mar. 15, 1899)",1899-0315,Deadwood Dick Library,(House Name),Beadle & Adams,5,32,http://www.pulpmags.org/collections/flb/ddl18990315/index.html
110,dfw19290413,dfw,pulpmags,"Detective Fiction Weekly, Vol. 40, No. 5 (Apr. 13, 1929)",1929-0413,Detective Fiction Weekly,Howard V. Bloomfield,Red Star News Co. (Frank A. Munsey),10,148,http://www.pulpmags.org/collections/flb/dfw19290413/index.html
111,dfw19300628,dfw,pulpmags,"Detective Fiction Weekly, Vol. 51, No. 2 (Jun. 28, 1930)",1930-0628,Detective Fiction Weekly,Howard V. Bloomfield,Red Star News Co. (Frank A. Munsey),10,144,http://www.pulpmags.org/collections/flb/dfw19300628/index.html
112,dfw19380319,dfw,pulpmags,"Detective Fiction Weekly, Vol. 118, No. 3 (Mar. 19, 1938)",1938-0319,Detective Fiction Weekly,Howard V. Bloomfield,Red Star News Co. (Frank A. Munsey),10,128,http://www.pulpmags.org/collections/flb/dfw19380319/index.html
113,dfw19401109,dfw,pulpmags,"Detective Fiction Weekly, Vol. 141, No. 2 (Nov. 9, 1940)",1940-1109,Detective Fiction Weekly,Howard V. Bloomfield,Red Star News Co. (Frank A. Munsey),10,112,http://www.pulpmags.org/collections/flb/dfw19401109/index.html
114,dim19360300,dim,pulpmags,"Dime Mystery Magazine, Vol. 10, No. 4 (Mar. 1936)",1936-0300,Dime Mystery Magazine,Rogers Terrill,"Popular Publications, Inc.",10,132,http://www.pulpmags.org/collections/flb/dim19360300/index.html
115,dim19380400,dim,pulpmags,"Dime Mystery Magazine, Vol. 17, No. 1 (Apr. 1938)",1938-0400,Dime Mystery Magazine,Rogers Terrill,"Popular Publications, Inc.",10,112,http://www.pulpmags.org/collections/flb/dim19380400/index.html
116,dim19380700,dim,pulpmags,"Dime Mystery Magazine, Vol. 17, No. 4 (Jul. 1938)",1938-0700,Dime Mystery Magazine,Rogers Terrill,"Popular Publications, Inc.",10,112,http://www.pulpmags.org/collections/flb/dim19380700/index.html
117,dim19460900,dim,pulpmags,"Dime Mystery Magazine, Vol. 33, No. 4 (Sep. 1946)",1946-0900,Dime Mystery Magazine,Rogers Terrill,"Popular Publications, Inc.",15,98,http://www.pulpmags.org/collections/flb/dim19460900/index.html
118,dsm19160305,dsm,pulpmags,"Detective Story Magazine, Vol. 2, No. 5 (Mar. 5, 1916)",1916-0305,Detective Story Magazine,Frank E. Blackwell,Street & Smith Corp.,10,132,http://www.pulpmags.org/collections/flb/dsm19160305/index.html
119,dsm19161005,dsm,pulpmags,"Detective Story Magazine, Vol. 5, No. 1 (Oct. 5, 1916)",1916-1005,Detective Story Magazine,Frank E. Blackwell,Street & Smith Corp.,10,132,http://www.pulpmags.org/collections/flb/dsm19161005/index.html
120,dsm19170105,dsm,pulpmags,"Detective Story Magazine, Vol. 6, No. 1 (Jan. 5, 1917)",1917-0105,Detective Story Magazine,Frank E. Blackwell,Street & Smith Corp.,10,128,http://www.pulpmags.org/collections/flb/dsm19170105/index.html
121,dsm19210827,dsm,pulpmags,"Detective Story Magazine, Vol. 42, No. 6 (Aug. 27, 1921)",1921-0827,Detective Story Magazine,Frank E. Blackwell,Street & Smith Corp.,15,124,http://www.pulpmags.org/collections/flb/dsm19210827/index.html
122,dsm19300614,dsm,pulpmags,"Detective Story Magazine, Vol. 119, No. 3 (Jun. 14, 1930)",1930-0614,Detective Story Magazine,Frank E. Blackwell,Street & Smith Corp.,15,156,http://www.pulpmags.org/collections/flb/dsm19300614/index.html
123,dsm19380500,dsm,pulpmags,"Detective Story Magazine, Vol. 156, No. 1 (May 1938)",1938-0500,Detective Story Magazine,Anthony M. Rud,Street & Smith Corp.,10,132,http://www.pulpmags.org/collections/flb/dsm19380500/index.html
124,dyn19390200,dyn,pulpmags,"Dynamic Science Stories, Vol. 1, No. 1 (Feb. 1939)",1939-0200,Dynamic Science Stories,Robert O. Erisman,Western Fiction Publishing Co.,15,116,http://www.pulpmags.org/collections/flb/dyn19390200/index.html
125,dyn19390405,dyn,pulpmags,"Dynamic Science Stories, Vol. 1, No. 2 (Apr.-May 1939)",1939-0405,Dynamic Science Stories,Robert O. Erisman,Western Fiction Publishing Co.,15,114,http://www.pulpmags.org/collections/flb/dyn19390405/index.html
126,eve19110300,eve,contexts3,"Everybody's Magazine, Vol. 24, No. 3 (Mar. 1911)",1911-0300,Everybody's Magazine,John O'Hara Cosgrave,Ridgway Company,15,144,http://pitt.edu/~belk/pulpmags/collections/flb/eve19110300/index.html
127,exw19460800,exw,pulpmags,"Exciting Western, Vol. 12, No. 1 (Aug. 1946)",1946-0800,Exciting Western,Leo Margulies,"Better Publications, Inc.",10,100,http://www.pulpmags.org/collections/flb/exw19460800/index.html
128,exw19470100,exw,pulpmags,"Exciting Western, Vol. 12, No. 3 (Jan. 1947)",1947-0100,Exciting Western,Leo Margulies,"Better Publications, Inc.",10,100,http://www.pulpmags.org/collections/flb/exw19470100/index.html
129,exw19470900,exw,pulpmags,"Exciting Western, Vol. 14, No. 1 (Sep. 1947)",1947-0900,Exciting Western,Leo Margulies,"Better Publications, Inc.",15,116,http://www.pulpmags.org/collections/flb/exw19470900/index.html
130,ffm19390900,ffm,pulpmags,"Famous Fantastic Mysteries, Vol. 1, No. 1 (Sep.-Oct. 1939)",1939-0910,Famous Fantastic Mysteries,Mary Gnaedinger,Frank A. Munsey Co.,15,132,http://www.pulpmags.org/collections/flb/ffm19390910/index.html
131,ffm19391100,ffm,pulpmags,"Famous Fantastic Mysteries, Vol. 1, No. 2 (Nov. 1939)",1939-1100,Famous Fantastic Mysteries,Mary Gnaedinger,Frank A. Munsey Co.,15,132,http://www.pulpmags.org/collections/flb/ffm19391100/index.html
132,ffm19391200,ffm,pulpmags,"Famous Fantastic Mysteries, Vol. 1, No. 3 (Dec. 1939)",1939-1200,Famous Fantastic Mysteries,Mary Gnaedinger,Frank A. Munsey Co.,15,132,http://www.pulpmags.org/collections/flb/ffm19391200/index.html
133,ffm19400100,ffm,pulpmags,"Famous Fantastic Mysteries, Vol. 1, No. 4 (Jan. 1940)",1940-0100,Famous Fantastic Mysteries,Mary Gnaedinger,Frank A. Munsey Co.,15,132,http://www.pulpmags.org/collections/flb/ffm19400100/index.html
134,ffm19400200,ffm,pulpmags,"Famous Fantastic Mysteries, Vol. 1, No. 5 (Feb. 1940)",1940-0200,Famous Fantastic Mysteries,Mary Gnaedinger,Frank A. Munsey Co.,15,132,http://www.pulpmags.org/collections/flb/ffm19400200/index.html
135,fig19280600,fig,pulpmags,"Fight Stories, Vol. 1, No. 1 (Jun. 1928)",1928-0600,Fight Stories,William H. Kofoed,"Fiction House, Inc.",20,128,http://www.pulpmags.org/collections/flb/fig19280600/index.html
136,fig19300900,fig,pulpmags,"Fight Stories, Vol. 3, No. 4 (Sep. 1930)",1930-0900,Fight Stories,William H. Kofoed,"Fiction House, Inc.",20,128,http://www.pulpmags.org/collections/flb/fig19300900/index.html
137,fig19490810,fig,pulpmags,"Fight Stories, Vol. 9, No. 6 (Aug.-Oct. 1949)",1949-0810,Fight Stories,Jack O'Sullivan,"Fiction House, Inc.",20,112,http://www.pulpmags.org/collections/flb/fig19490810/index.html
138,fly19290500,fly,pulpmags,"Flying Stories, Vol. 2, No. 1 (May 1929)",1929-0500,Flying Stories,Walter E. Colby,"New Metropolitan Fiction, Inc.",25,112,http://www.pulpmags.org/collections/flb/fly19290500/index.html
139,fol19330100,fol,contexts2,"Follies, Vol. 10, No. 1 (Jan. 1933)",1933-0100,Follies,Joseph Burten,Burten Publications,25,40,http://www.pulpmags.org/collections/flb/fol19330100/index.html
140,frl18920924,frl,contexts1,"Frank Reade Library, Vol. 1, No. 1 (Sep. 24, 1892)",1892-0924,Frank Reade Library,(House Name),"Frank Tousey, Pub.",5,24,http://www.pulpmags.org/collections/flb/frl18920924/index.html
141,fro19260500,fro,pulpmags,"Frontier, The, Vol. 4, No. 2 (May 1926)",1926-0500,"Frontier, The",Harry E. Maule,"Doubleday, Page & Co.",25,108,http://www.pulpmags.org/collections/flb/fro19260500/index.html
142,fro19270500,fro,pulpmags,"Frontier Stories, Vol. 6, No. 2 (May 1927)",1927-0500,Frontier Stories,Harry E. Maule,"Doubleday, Page & Co.",25,176,http://www.pulpmags.org/collections/flb/fro19270500/index.html
143,fro19441000,fro,pulpmags,"Frontier Stories, Vol. 15, No. 12 (Oct. 1944)",1944-1000,Frontier Stories,Malcolm Reiss,"Fiction House, Inc.",20,132,http://www.pulpmags.org/collections/flb/fro19441000/index.html
144,gho19270100,gho,pulpmags,"Ghost Stories, Vol. 1, No. 1 (Jan. 1927)",1927-0100,Ghost Stories,Harry A. Keller,Constructive Publishing Corp.,25,100,http://www.pulpmags.org/collections/flb/gho19270100/index.html
145,gin19290600,gin,pulpmags,"Ginger Stories, Vol. 1, No. 8 (Jun. 1929)",1929-0600,Ginger Stories,Natalie Messenger,King Publishing Co.,25,68,http://www.pulpmags.org/collections/flb/gin19290600/index.html
146,gin19300200,gin,pulpmags,"Ginger Stories, Vol. 2, No. 4 (Feb. 1930)",1930-0200,Ginger Stories,Natalie Messenger,King Publishing Co.,25,68,http://www.pulpmags.org/collections/flb/gin19300200/index.html
147,gls19390100,gls,contexts2,"Gay Life Stories, Vol. 1, No. 2 (Jan. 1939)",1939-0100,Gay Life Stories,(House Name),Eagle Magazine Co.,25,52,http://www.pulpmags.org/collections/flb/gls19390100/index.html
148,gre19120300,gre,pulpmags,"Green Book Magazine, The, Vol. 7, No. 3 (Mar. 1912)",1912-0300,"Green Book Magazine, The",Karl Edwin Harriman,Story Press Corp.,15,192,http://www.pulpmags.org/collections/flb/gre19120300/index.html
149,har19100900,har,contexts3,"Harper's Magazine, Vol. 121, No. 724 (Sep. 1910)",1910-0900,Harper's Magazine,Henry Mills Alden,Harper & Brothers,35,278,http://pitt.edu/~belk/pulpmags/collections/flb/har19100900/index.html
150,hol19370500,hol,contexts2,"Hollywood Nights, Vol. 0, No. 2 (May 1937)",1937-0500,Hollywood Nights,Henry Marcus,Detinuer Publishing Co.,35,44,http://www.pulpmags.org/collections/flb/hol19370500/index.html
151,hut19190700,hut,pulpmags,"Hutchinson's Story Magazine, Vol. 1, No. 1 (Jul. 1919)",1919-0700,Hutchinson's Story Magazine,Erle Lunn,Hutchinson & Co.,9(d),126,http://www.pulpmags.org/collections/flb/hut19190700/index.html
152,hut19190900,hut,pulpmags,"Hutchinson's Story Magazine, Vol. 1, No. 3 (Sep. 1919)",1919-0900,Hutchinson's Story Magazine,Erle Lunn,Hutchinson & Co.,9(d),126,http://www.pulpmags.org/collections/flb/hut19190900/index.html
153,ico19230112,ico,pulpmags,"I Confess, Vol. 9, No. 1 (Jan. 12, 1923)",1923-0112,I Confess,Elizabeth Sharp,Dell Publishing Co.,15,84,http://www.pulpmags.org/collections/flb/ico19230112/index.html
154,ind19500100,ind,pulpmags,"Indian Stories, Vol. 1, No. 3 (Jan. 1950)",1950-0100,Indian Stories,Jack O'Sullivan,Wings Publishing Co.,25,96,http://www.pulpmags.org/collections/flb/ind19500100/index.html
155,jun19460400,jun,pulpmags,"Jungle Stories, Vol. 3, No. 6 (Apr. 1946)",1946-0400,Jungle Stories,Malcolm Reiss,Glen-Kel Publishing (Fiction House),20,132,http://www.pulpmags.org/collections/flb/jun19460400/index.html
156,jun19480400,jun,pulpmags,"Jungle Stories, Vol. 4, No. 2 (Apr. 1948)",1948-0400,Jungle Stories,Malcolm Reiss,Glen-Kel Publishing (Fiction House),20,132,http://www.pulpmags.org/collections/flb/jun19480400/index.html
157,jun19481000,jun,pulpmags,"Jungle Stories, Vol. 4, No. 4 (Oct. 1948)",1948-1000,Jungle Stories,Malcolm Reiss,Glen-Kel Publishing (Fiction House),20,132,http://www.pulpmags.org/collections/flb/jun19481000/index.html
158,jun19490100,jun,pulpmags,"Jungle Stories, Vol. 4, No. 3 (Jan. 1949)",1949-0100,Jungle Stories,Malcolm Reiss,Glen-Kel Publishing (Fiction House),20,132,http://www.pulpmags.org/collections/flb/jun19490100/index.html
159,jun19500700,jun,pulpmags,"Jungle Stories, Vol. 4, No. 11 (Jul. 1950)",1950-0700,Jungle Stories,Jerome Bixby,Glen-Kel Publishing (Fiction House),20,100,http://www.pulpmags.org/collections/flb/jun19500700/index.html
160,lap19351100,lap,contexts2,"La Paree Stories, Vol. 6, No. 11 (Nov. 1935)",1935-1100,La Paree Stories,H. R. Merrill,D.M. Publishing Co.,25,68,http://www.pulpmags.org/collections/flb/lap19351100/index.html
161,liv19190500,liv,pulpmags,"Live Stories, Vol. 18, No. 4 (May 1919)",1919-0500,Live Stories,Grove E. Wilson,New Fiction Publishing Co.,20,132,http://www.pulpmags.org/collections/flb/liv19190500/index.html
162,liv19190700,liv,pulpmags,"Live Stories, Vol. 19, No. 3 (Jul. 1919)",1919-0700,Live Stories,Grove E. Wilson,New Fiction Publishing Co.,20,132,http://www.pulpmags.org/collections/flb/liv19190700/index.html
163,lsm19340310,lsm,pulpmags,"Love Story Magazine, Vol. 105, No. 5 (Mar. 10, 1934)",1934-0310,Love Story Magazine,Daisy Bacon,Street & Smith Corp.,15,176,http://www.pulpmags.org/collections/flb/lsm19340310/index.html
164,lsm19341020,lsm,pulpmags,"Love Story Magazine, Vol. 111, No. 1 (Oct. 20, 1934)",1934-1020,Love Story Magazine,Daisy Bacon,Street & Smith Corp.,15,164,http://www.pulpmags.org/collections/flb/lsm19341020/index.html
165,lsm19350330,lsm,pulpmags,"Love Story Magazine, Vol. 114, No. 6 (Mar. 30, 1935)",1935-0330,Love Story Magazine,Daisy Bacon,Street & Smith Corp.,15,164,http://www.pulpmags.org/collections/flb/lsm19350330/index.html
166,mad19461100,mad,pulpmags,"Mammoth Adventure, Vol. 1, No. 3 (Nov. 1946)",1946-1100,Mammoth Adventure,Raymond A. Palmer,Ziff-Davis Publishing Co.,25,180,http://www.pulpmags.org/collections/flb/mad19461100/index.html
167,mam19460100,mam,pulpmags,"Mammoth Mystery, Vol. 2, No. 1 (Jan. 1946)",1946-0100,Mammoth Mystery,Raymond A. Palmer,Ziff-Davis Publishing Co.,25,180,http://www.pulpmags.org/collections/flb/mam19460100/index.html
168,mas19450100,mas,pulpmags,"Masked Rider Western, Vol. 17, No. 2 (Jan. 1945)",1945-0100,Masked Rider Western,Eugene A. Clancy,"Better Publications, Inc.",10,84,http://www.pulpmags.org/collections/flb/mas19450100/index.html
169,mas19501100,mas,pulpmags,"Masked Rider Western, Vol. 28, No. 3 (Nov. 1950)",1950-1100,Masked Rider Western,Eugene A. Clancy,"Better Publications, Inc.",20,132,http://www.pulpmags.org/collections/flb/mas19501100/index.html
170,mcc18970700,mcc,contexts3,"McClure's Magazine, Vol. 9, No. 3 (Jul. 1897)",1897-0700,McClure's Magazine,S.S. McClure,S.S. McClure Co.,15,172,http://pitt.edu/~belk/pulpmags/collections/flb/mcc18970700/index.html
171,mer19290300,mer,pulpmags,"Merry Magazine, The, Vol. 0, No. 57 (Mar. 1929)",1929-0300,"Merry Magazine, The",Leslie Henson,"Amalgamated Press, Ltd.",9(d),100,http://www.pulpmags.org/collections/flb/mer19290300/index.html
172,mun19150200,mun,contexts3,"Munsey's Magazine, Vol. 54, No. 1 (Feb. 1915)",1915-0200,Munsey's Magazine,Robert H. Davis,Frank A. Munsey Co.,15,240,http://pitt.edu/~belk/pulpmags/collections/flb/mun19150200/index.html
173,ncw18971106,ncw,contexts1,"Nick Carter Weekly, Vol. 0, No. 45 (Nov. 6, 1897)",1897-1106,Nick Carter Weekly,Frederic Van Rensselaer Dey,Street & Smith Corp.,5,32,http://www.pulpmags.org/collections/flb/ncw18971106/index.html
174,nlm19430300,nlm,pulpmags,"New Love Magazine, Vol. 5, No. 4 (Mar. 1943)",1943-0300,New Love Magazine,Peggy Graves,"Popular Publications, Inc.",10,116,http://www.pulpmags.org/collections/flb/nlm19430300/index.html
175,nlt19400100,nlt,contexts2,"Night Life Tales, Vol. 1, No. 19 (Jan. 1940)",1940-0100,Night Life Tales,Harry Donenfeld,D.M. Publishing Co.,25,28,http://www.pulpmags.org/collections/flb/nlt19400100/index.html
176,nsm19140700,nsm,pulpmags,"New Story Magazine, Vol. 8, No. 3 (Jul. 1914)",1914-0700,New Story Magazine,A.L. Sessions,Street & Smith Corp.,15,192,http://www.pulpmags.org/collections/flb/nsm19140700/index.html
177,nwr19500100,nwr,pulpmags,"North-West Romances, Vol. 17, No. 3 (Jan. 1950)",1950-0100,North-West Romances,Jack O'Sullivan,Glen-Kel Publishing (Fiction House),20,96,http://www.pulpmags.org/collections/flb/nwr19500100/index.html
178,out19500700,out,pulpmags,"Out of this World Adventures, Vol. 1, No. 1 (Jul. 1950)",1950-0700,Out of this World Adventures,Donald A. Wollheim,"Avon Periodicals, Inc.",25,132,http://www.pulpmags.org/collections/flb/out19500700/index.html
179,out19501200,out,pulpmags,"Out of this World Adventures, Vol. 1, No. 2 (Dec. 1950)",1950-1200,Out of this World Adventures,Donald A. Wollheim,"Avon Periodicals, Inc.",25,132,http://www.pulpmags.org/collections/flb/out19501200/index.html
180,peo19151100,peo,pulpmags,"People's, Vol. 19, No. 5 (Nov. 1915)",1915-1100,People's,A.L. Sessions,Street & Smith Corp.,15,224,http://www.pulpmags.org/collections/flb/peo19151100/index.html
181,peo19221125,peo,pulpmags,"People's Story Magazine, Vol. 40, No. 3 (Nov. 25, 1922)",1922-1125,People's Story Magazine,A.L. Sessions,Street & Smith Corp.,20,224,http://www.pulpmags.org/collections/flb/peo19221125/index.html
182,pep19320400,pep,contexts2,"Pep Stories, Vol. 11, No. 4 (Apr. 1932)",1932-0400,Pep Stories,Natalie Messenger,Narvel Publishing Co.,25,100,http://www.pulpmags.org/collections/flb/pep19320400/index.html
183,pla19391100,pla,pulpmags,"Planet Stories, Vol. 1, No. 1 (Nov. 1939)",1939-1100,Planet Stories,Malcolm Reiss,Love Romances Inc. (Fiction House),20,128,http://www.pulpmags.org/collections/flb/pla19391100/index.html
184,pla19441000,pla,pulpmags,"Planet Stories, Vol. 2, No. 8 (Oct. 1944)",1944-1000,Planet Stories,W. Scott Peacock,Love Romances Inc. (Fiction House),20,132,http://www.pulpmags.org/collections/flb/pla19441000/index.html
185,pla19460400,pla,pulpmags,"Planet Stories, Vol. 3, No. 2 (Apr. 1946)",1946-0400,Planet Stories,Chester Whitehorn,Love Romances Inc. (Fiction House),20,132,http://www.pulpmags.org/collections/flb/pla19460400/index.html
186,pla19501100,pla,pulpmags,"Planet Stories, Vol. 4, No. 9 (Nov. 1950)",1950-1100,Planet Stories,Jerome Bixby,Love Romances Inc. (Fiction House),20,116,http://www.pulpmags.org/collections/flb/pla19501100/index.html
187,pla19510100,pla,pulpmags,"Planet Stories, Vol. 4, No. 10 (Jan. 1951)",1951-0100,Planet Stories,Jerome Bixby,Love Romances Inc. (Fiction House),20,116,http://www.pulpmags.org/collections/flb/pla19510100/index.html
188,pla19510500,pla,pulpmags,"Planet Stories, Vol. 4, No. 12 (May 1951)",1951-0500,Planet Stories,Jerome Bixby,Love Romances Inc. (Fiction House),25,116,http://www.pulpmags.org/collections/flb/pla19510500/index.html
189,pla19510700,pla,pulpmags,"Planet Stories, Vol. 5, No. 1 (Jul. 1951)",1951-0700,Planet Stories,Jerome Bixby,Love Romances Inc. (Fiction House),25,116,http://www.pulpmags.org/collections/flb/pla19510700/index.html
190,pla19540100,pla,pulpmags,"Planet Stories, Vol. 6, No. 4 (Jan. 1954)",1954-0100,Planet Stories,Jack O'Sullivan,Love Romances Inc. (Fiction House),25,116,http://www.pulpmags.org/collections/flb/pla19540100/index.html
191,pop19081200,pop,pulpmags,"Popular Magazine, The, Vol. 12, No. 2 (Dec. 1908)",1908-1200,"Popular Magazine, The",Charles Agnew Maclean,Street & Smith Corp.,15,268,http://www.pulpmags.org/collections/flb/pop19081200/index.html
192,pop19121123,pop,pulpmags,"Popular Magazine, The, Vol. 26, No. 5 (Nov. 23, 1912)",1912-1123,"Popular Magazine, The",Charles Agnew Maclean,Street & Smith Corp.,15,268,http://www.pulpmags.org/collections/flb/pop19121123/index.html
193,pop19130607,pop,pulpmags,"Popular Magazine, The, Vol. 28, No. 6 (Jun. 7, 1913)",1913-0607,"Popular Magazine, The",Charles Agnew Maclean,Street & Smith Corp.,15,268,http://www.pulpmags.org/collections/flb/pop19130607/index.html
194,pop19141107,pop,pulpmags,"Popular Magazine, The, Vol. 34, No. 4 (Nov. 7, 1914)",1914-1107,"Popular Magazine, The",Charles Agnew Maclean,Street & Smith Corp.,15,268,http://www.pulpmags.org/collections/flb/pop19141107/index.html
195,pop19150223,pop,pulpmags,"Popular Magazine, The, Vol. 35, No. 5 (Feb. 23, 1915)",1915-0223,"Popular Magazine, The",Charles Agnew Maclean,Street & Smith Corp.,15,268,http://www.pulpmags.org/collections/flb/pop19150223/index.html
196,pop19150723,pop,pulpmags,"Popular Magazine, The, Vol. 37, No. 3 (Jul. 23, 1915)",1915-0723,"Popular Magazine, The",Charles Agnew Maclean,Street & Smith Corp.,15,268,http://www.pulpmags.org/collections/flb/pop19150723/index.html
197,pop19151020,pop,pulpmags,"Popular Magazine, The, Vol. 38, No. 3 (Oct. 20, 1915)",1915-1020,"Popular Magazine, The",Charles Agnew Maclean,Street & Smith Corp.,15,268,http://www.pulpmags.org/collections/flb/pop19151020/index.html
198,pop19160107,pop,pulpmags,"Popular Magazine, The, Vol. 39, No. 2 (Jan. 7, 1916)",1916-0107,"Popular Magazine, The",Charles Agnew Maclean,Street & Smith Corp.,15,268,http://www.pulpmags.org/collections/flb/pop19160107/index.html
199,pop19161107,pop,pulpmags,"Popular Magazine, The, Vol. 42, No. 4 (Nov. 7, 1916)",1916-1107,"Popular Magazine, The",Charles Agnew Maclean,Street & Smith Corp.,15,240,http://www.pulpmags.org/collections/flb/pop19161107/index.html
200,pop19161220,pop,pulpmags,"Popular Magazine, The, Vol. 43, No. 1 (Dec. 20, 1916)",1916-1220,"Popular Magazine, The",Charles Agnew Maclean,Street & Smith Corp.,15,220,http://www.pulpmags.org/collections/flb/pop19161220/index.html
201,pop19170420,pop,pulpmags,"Popular Magazine, The, Vol. 44, No. 3 (Apr. 20, 1917)",1917-0420,"Popular Magazine, The",Charles Agnew Maclean,Street & Smith Corp.,20,240,http://www.pulpmags.org/collections/flb/pop19170420/index.html
202,pop19180420,pop,pulpmags,"Popular Magazine, The, Vol. 48, No. 3 (Apr. 20, 1918)",1918-0420,"Popular Magazine, The",Charles Agnew Maclean,Street & Smith Corp.,20,232,http://www.pulpmags.org/collections/flb/pop19180420/index.html
203,pop19301120,pop,pulpmags,"Popular Magazine, The, Vol. 11, No. 5 (Nov. 20, 1930)",1930-1120,"Popular Magazine, The",Charles Agnew Maclean,Street & Smith Corp.,20,164,http://www.pulpmags.org/collections/flb/pop19301120/index.html
204,ran19330901,ran,pulpmags,"Ranch Romances, Vol. 50, No. 1 (Sep. 1, 1933)",1933-0901,Ranch Romances,Fanny Ellsworth,"Warner Publications, Inc.",20,164,http://www.pulpmags.org/collections/flb/ran19330901/index.html
205,ran19430301,ran,pulpmags,"Ranch Romances, Vol. 111, No. 3 (Mar. 1, 1943)",1943-0301,Ranch Romances,Fanny Ellsworth,"Warner Publications, Inc.",15,148,http://www.pulpmags.org/collections/flb/ran19430301/index.html
206,ran19440211,ran,pulpmags,"Ranch Romances, Vol. 117, No. 4 (Feb. 11, 1944)",1944-0211,Ranch Romances,Fanny Ellsworth,"Warner Publications, Inc.",15,132,http://www.pulpmags.org/collections/flb/ran19440211/index.html
207,red19080400,red,contexts3,"Red Book Magazine, The, Vol. 10, No. 6 (Apr. 1908)",1908-0400,"Red Book Magazine, The",Karl Edwin Harriman,Red Book Corporation,10,204,http://pitt.edu/~belk/pulpmags/collections/flb/red19080400/index.html
208,rmm19091000,rmm,pulpmags,"Railroad Man's Magazine, The, Vol. 10, No. 1 (Oct. 1909)",1909-1000,"Railroad Man's Magazine, The",Robert H. Davis,Frank A. Munsey Co.,10,212,http://www.pulpmags.org/collections/flb/rmm19091000/index.html
209,rmm19091100,rmm,pulpmags,"Railroad Man's Magazine, The, Vol. 10, No. 2 (Nov. 1909)",1909-1100,"Railroad Man's Magazine, The",Robert H. Davis,Frank A. Munsey Co.,10,212,http://www.pulpmags.org/collections/flb/rmm19091100/index.html
210,rmm19091200,rmm,pulpmags,"Railroad Man's Magazine, The, Vol. 10, No. 3 (Dec. 1909)",1909-1200,"Railroad Man's Magazine, The",Robert H. Davis,Frank A. Munsey Co.,10,212,http://www.pulpmags.org/collections/flb/rmm19091200/index.html
211,rmm19100100,rmm,pulpmags,"Railroad Man's Magazine, The, Vol. 10, No. 4 (Jan. 1910)",1910-0100,"Railroad Man's Magazine, The",Robert H. Davis,Frank A. Munsey Co.,10,208,http://www.pulpmags.org/collections/flb/rmm19100100/index.html
212,rmm19100200,rmm,pulpmags,"Railroad Man's Magazine, The, Vol. 11, No. 1 (Feb. 1910)",1910-0200,"Railroad Man's Magazine, The",Robert H. Davis,Frank A. Munsey Co.,10,216,http://www.pulpmags.org/collections/flb/rmm19100200/index.html
213,rmm19100300,rmm,pulpmags,"Railroad Man's Magazine, The, Vol. 11, No. 2 (Mar. 1910)",1910-0300,"Railroad Man's Magazine, The",Robert H. Davis,Frank A. Munsey Co.,10,220,http://www.pulpmags.org/collections/flb/rmm19100300/index.html
214,rmm19100400,rmm,pulpmags,"Railroad Man's Magazine, The, Vol. 11, No. 3 (Apr. 1910)",1910-0400,"Railroad Man's Magazine, The",Robert H. Davis,Frank A. Munsey Co.,10,232,http://www.pulpmags.org/collections/flb/rmm19100400/index.html
215,rmm19100500,rmm,pulpmags,"Railroad Man's Magazine, The, Vol. 11, No. 4 (May 1910)",1910-0500,"Railroad Man's Magazine, The",Robert H. Davis,Frank A. Munsey Co.,10,212,http://www.pulpmags.org/collections/flb/rmm19100500/index.html
216,rmm19100600,rmm,pulpmags,"Railroad Man's Magazine, The, Vol. 12, No. 1 (Jun. 1910)",1910-0600,"Railroad Man's Magazine, The",Robert H. Davis,Frank A. Munsey Co.,10,220,http://www.pulpmags.org/collections/flb/rmm19100600/index.html
217,rmm19100700,rmm,pulpmags,"Railroad Man's Magazine, The, Vol. 12, No. 2 (Jul. 1910)",1910-0700,"Railroad Man's Magazine, The",Robert H. Davis,Frank A. Munsey Co.,10,208,http://www.pulpmags.org/collections/flb/rmm19100700/index.html
218,rmm19100800,rmm,pulpmags,"Railroad Man's Magazine, The, Vol. 12, No. 3 (Aug. 1910)",1910-0800,"Railroad Man's Magazine, The",Robert H. Davis,Frank A. Munsey Co.,10,208,http://www.pulpmags.org/collections/flb/rmm19100800/index.html
219,rmm19100900,rmm,pulpmags,"Railroad Man's Magazine, The, Vol. 12, No. 4 (Sep. 1910)",1910-0900,"Railroad Man's Magazine, The",Robert H. Davis,Frank A. Munsey Co.,10,208,http://www.pulpmags.org/collections/flb/rmm19100900/index.html
220,rmm19101000,rmm,pulpmags,"Railroad Man's Magazine, The, Vol. 13, No. 1 (Oct. 1910)",1910-1000,"Railroad Man's Magazine, The",Robert H. Davis,Frank A. Munsey Co.,10,208,http://www.pulpmags.org/collections/flb/rmm19101000/index.html
221,rmm19101100,rmm,pulpmags,"Railroad Man's Magazine, The, Vol. 13, No. 2 (Nov. 1910)",1910-1100,"Railroad Man's Magazine, The",Robert H. Davis,Frank A. Munsey Co.,10,208,http://www.pulpmags.org/collections/flb/rmm19101100/index.html
222,rmm19101200,rmm,pulpmags,"Railroad Man's Magazine, The, Vol. 13, No. 3 (Dec. 1910)",1910-1200,"Railroad Man's Magazine, The",Robert H. Davis,Frank A. Munsey Co.,10,208,http://www.pulpmags.org/collections/flb/rmm19101200/index.html
223,rmm19110100,rmm,pulpmags,"Railroad Man's Magazine, The, Vol. 13, No. 4 (Jan. 1911)",1911-0100,"Railroad Man's Magazine, The",Robert H. Davis,Frank A. Munsey Co.,10,208,http://www.pulpmags.org/collections/flb/rmm19110100/index.html
224,rmm19110200,rmm,pulpmags,"Railroad Man's Magazine, The, Vol. 14, No. 1 (Feb. 1911)",1911-0200,"Railroad Man's Magazine, The",Robert H. Davis,Frank A. Munsey Co.,10,208,http://www.pulpmags.org/collections/flb/rmm19110200/index.html
225,rmm19110300,rmm,pulpmags,"Railroad Man's Magazine, The, Vol. 14, No. 2 (Mar. 1911)",1911-0300,"Railroad Man's Magazine, The",Robert H. Davis,Frank A. Munsey Co.,10,208,http://www.pulpmags.org/collections/flb/rmm19110300/index.html
226,rmm19110400,rmm,pulpmags,"Railroad Man's Magazine, The, Vol. 14, No. 3 (Apr. 1911)",1911-0400,"Railroad Man's Magazine, The",Robert H. Davis,Frank A. Munsey Co.,10,208,http://www.pulpmags.org/collections/flb/rmm19110400/index.html
227,rmm19110500,rmm,pulpmags,"Railroad Man's Magazine, The, Vol. 14, No. 4 (May 1911)",1911-0500,"Railroad Man's Magazine, The",Robert H. Davis,Frank A. Munsey Co.,10,208,http://www.pulpmags.org/collections/flb/rmm19110500/index.html
228,rmm19121000,rmm,pulpmags,"Railroad Man's Magazine, The, Vol. 19, No. 1 (Oct. 1912)",1912-1000,"Railroad Man's Magazine, The",Robert H. Davis,Frank A. Munsey Co.,10,208,http://www.pulpmags.org/collections/flb/rmm19121000/index.html
229,rom19200100,rom,pulpmags,"Romance, Vol. 1, No. 3 (Jan. 1920)",1920-0100,Romance,Arthur Sullivant Hoffman,Ridgway Company,20,200,http://www.pulpmags.org/collections/flb/rom19200100/index.html
230,rom19201000,rom,pulpmags,"Romance, Vol. 2, No. 6 (Oct. 1920)",1920-1000,Romance,Arthur Sullivant Hoffman,Ridgway Company,25,200,http://www.pulpmags.org/collections/flb/rom19201000/index.html
231,rst19340500,rst,pulpmags,"Railroad Stories, Vol. 14, No. 2 (May 1934)",1934-0500,Railroad Stories,Louis M. Goldberg,Frank A. Munsey Co.,15,148,http://www.pulpmags.org/collections/flb/rst19340500/index.html
232,rst19350200,rst,pulpmags,"Railroad Stories, Vol. 16, No. 3 (Feb. 1935)",1935-0200,Railroad Stories,Louis M. Goldberg,Frank A. Munsey Co.,15,152,http://www.pulpmags.org/collections/flb/rst19350200/index.html
233,rst19350400,rst,pulpmags,"Railroad Stories, Vol. 17, No. 1 (Apr. 1935)",1935-0400,Railroad Stories,Louis M. Goldberg,Frank A. Munsey Co.,15,152,http://www.pulpmags.org/collections/flb/rst19350400/index.html
234,rst19360400,rst,pulpmags,"Railroad Stories, Vol. 19, No. 5 (Apr. 1936)",1936-0400,Railroad Stories,Louis M. Goldberg,Frank A. Munsey Co.,15,156,http://www.pulpmags.org/collections/flb/rst19360400/index.html
235,sas19360500,sas,contexts2,"Spicy Adventure Stories, Vol. 4, No. 2 (May 1936)",1936-0500,Spicy Adventure Stories,Lawrence Cadman,"Culture Publications, Inc.",25,132,http://www.pulpmags.org/collections/flb/sas19360500/index.html
236,sas19360900,sas,contexts2,"Spicy Adventure Stories, Vol. 4, No. 6 (Sep. 1936)",1936-0900,Spicy Adventure Stories,Lawrence Cadman,"Culture Publications, Inc.",25,132,http://www.pulpmags.org/collections/flb/sas19360900/index.html
237,sau19190500,sau,pulpmags,"Saucy Stories, Vol. 6, No. 4 (May 1919)",1919-0500,Saucy Stories,Wyndham Martyn,Inter-Continental Publishing Corp.,20,136,http://www.pulpmags.org/collections/flb/sau19190500/index.html
238,sau19220801,sau,pulpmags,"Saucy Stories, Vol. 8, No. 2 (Aug. 1, 1922)",1922-0801,Saucy Stories,F. M. Osborne,Inter-Continental Publishing Corp.,20,132,http://www.pulpmags.org/collections/flb/sau19220801/index.html
239,scr19140300,scr,contexts3,"Scribner's Magazine, Vol. 55, No. 3 (Mar. 1914)",1914-0300,Scribner's Magazine,Edward L. Burlingame,Charles Scribner's Sons,25,226,http://pitt.edu/~belk/pulpmags/collections/flb/scr19140300/index.html
240,sea19290800,sea,pulpmags,"Sea Stories, Vol. 18, No. 6 (Aug. 1929)",1929-0800,Sea Stories,H.W. Ralston,Street & Smith Corp.,25,156,http://www.pulpmags.org/collections/flb/sea19290800/index.html
241,sep19060818,sep,contexts3,"Saturday Evening Post, The, Vol. 179, No. 7 (Aug. 18, 1906)",1906-0818,"Saturday Evening Post, The",George Horace Lorimer,Curtis Publishing Co.,5,24,http://pitt.edu/~belk/pulpmags/collections/flb/sep19060818/index.html
242,sho19160400,sho,pulpmags,"Short Stories, Vol. 85, No. 4 (Apr. 1916)",1916-0400,Short Stories,Harry E. Maule,"Doubleday, Page & Co.",15,160,http://www.pulpmags.org/collections/flb/sho19160400/index.html
243,sho19240710,sho,pulpmags,"Short Stories, Vol. 108, No. 1 (Jul. 10, 1924)",1924-0710,Short Stories,Harry E. Maule,"Doubleday, Page & Co.",25,176,http://www.pulpmags.org/collections/flb/sho19240710/index.html
244,sho19250610,sho,pulpmags,"Short Stories, Vol. 111, No. 5 (Jun. 10, 1925)",1925-0610,Short Stories,Harry E. Maule,"Doubleday, Page & Co.",25,176,http://www.pulpmags.org/collections/flb/sho19250610/index.html
245,sho19260810,sho,pulpmags,"Short Stories, Vol. 116, No. 3 (Aug. 10, 1926)",1926-0810,Short Stories,Harry E. Maule,"Doubleday, Page & Co.",25,176,http://www.pulpmags.org/collections/flb/sho19260810/index.html
246,sma19191200,sma,contexts3,"Smart Set, The, Vol. 60, No. 4 (Dec. 1919)",1919-1200,"Smart Set, The",H.L. Mencken; George Jean Nathan,"Smart Set Company, Inc.",35,152,http://www.pulpmags.org/collections/flb/sma19191200/index.html
247,smi19130700,smi,contexts3,"Smith's Magazine, Vol. 17, No. 4 (Jul. 1913)",1913-0700,Smith's Magazine,Charles Agnew Maclean,Street & Smith Corp.,15,196,http://pitt.edu/~belk/pulpmags/collections/flb/smi19130700/index.html
248,sna19160304,sna,pulpmags,"Snappy Stories, Vol. 17, No. 2 (Mar. 4, 1916)",1916-0304,Snappy Stories,Virginia O'Day,New Fiction Publishing Co.,15,148,http://www.pulpmags.org/collections/flb/sna19160304/index.html
249,snm19371100,snm,contexts2,"Snappy Magazine, Vol. 16, No. 11 (Nov. 1937)",1937-1100,Snappy Magazine,Merle W. Hersey,D.M. Publishing Co.,25,68,http://www.pulpmags.org/collections/flb/snm19371100/index.html
250,spi19360900,spi,contexts2,"Spicy Stories, Vol. 6, No. 9 (Sep. 1936)",1936-0900,Spicy Stories,Merle W. Hersey,D.M. Publishing Co.,25,68,http://www.pulpmags.org/collections/flb/spi19360900/index.html
251,sta19390100,sta,pulpmags,"Startling Stories, Vol. 1, No. 1 (Jan. 1939)",1939-0100,Startling Stories,Mortimer Weisinger,"Better Publications, Inc.",15,132,http://www.pulpmags.org/collections/flb/sta19390100/index.html
252,sta19390300,sta,pulpmags,"Startling Stories, Vol. 1, No. 2 (Mar. 1939)",1939-0300,Startling Stories,Mortimer Weisinger,"Better Publications, Inc.",15,132,http://www.pulpmags.org/collections/flb/sta19390300/index.html
253,sta19390500,sta,pulpmags,"Startling Stories, Vol. 1, No. 3 (May 1939)",1939-0500,Startling Stories,Mortimer Weisinger,"Better Publications, Inc.",15,132,http://www.pulpmags.org/collections/flb/sta19390500/index.html
254,sta19391100,sta,pulpmags,"Startling Stories, Vol. 2, No. 3 (Nov. 1939)",1939-1100,Startling Stories,Mortimer Weisinger,"Better Publications, Inc.",15,132,http://www.pulpmags.org/collections/flb/sta19391100/index.html
255,sta19400100,sta,pulpmags,"Startling Stories, Vol. 3, No. 1 (Jan. 1940)",1940-0100,Startling Stories,Mort Weisinger,"Better Publications, Inc.",15,132,http://www.pulpmags.org/collections/flb/sta19400100/index.html
256,sta19400500,sta,pulpmags,"Startling Stories, Vol. 3, No. 3 (May 1940)",1940-0500,Startling Stories,Mort Weisinger,"Better Publications, Inc.",15,132,http://www.pulpmags.org/collections/flb/sta19400500/index.html
257,sta19411100,sta,pulpmags,"Startling Stories, Vol. 6, No. 3 (Nov. 1941)",1941-1100,Startling Stories,Oscar J. Friend,"Better Publications, Inc.",15,132,http://www.pulpmags.org/collections/flb/sta19411100/index.html
258,sta19460700,sta,pulpmags,"Startling Stories, Vol. 14, No. 1 (Jul. 1946)",1946-0700,Startling Stories,"Sam Merwin, Jr.","Better Publications, Inc.",15,116,http://www.pulpmags.org/collections/flb/sta19460700/index.html
259,sta19470100,sta,pulpmags,"Startling Stories, Vol. 14, No. 3 (Jan. 1947)",1947-0100,Startling Stories,"Sam Merwin, Jr.","Better Publications, Inc.",15,116,http://www.pulpmags.org/collections/flb/sta19470100/index.html
260,sta19470500,sta,pulpmags,"Startling Stories, Vol. 15, No. 2 (May 1947)",1947-0500,Startling Stories,"Sam Merwin, Jr.","Better Publications, Inc.",15,116,http://www.pulpmags.org/collections/flb/sta19470500/index.html
261,sta19510300,sta,pulpmags,"Startling Stories, Vol. 23, No. 1 (Mar. 1951)",1951-0300,Startling Stories,"Sam Merwin, Jr.","Standard Magazines, Inc.",25,164,http://www.pulpmags.org/collections/flb/sta19510300/index.html
262,sta19511100,sta,pulpmags,"Startling Stories, Vol. 24, No. 2 (Nov. 1951)",1951-1100,Startling Stories,Samuel Mines,"Standard Magazines, Inc.",25,148,http://www.pulpmags.org/collections/flb/sta19511100/index.html
263,sta19521200,sta,pulpmags,"Startling Stories, Vol. 28, No. 2 (Dec. 1952)",1952-1200,Startling Stories,Samuel Mines,"Standard Magazines, Inc.",25,148,http://www.pulpmags.org/collections/flb/sta19521200/index.html
264,sta19550100,sta,pulpmags,"Startling Stories, Vol. 32, No. 3 (Jan. 1955)",1955-0100,Startling Stories,Alexander Samalman,"Standard Magazines, Inc.",25,116,http://www.pulpmags.org/collections/flb/sta19550100/index.html
265,sta19550700,sta,pulpmags,"Startling Stories, Vol. 33, No. 2 (Jul. 1955)",1955-0700,Startling Stories,Alexander Samalman,"Standard Magazines, Inc.",25,116,http://www.pulpmags.org/collections/flb/sta19550700/index.html
266,swe19420800,swe,pulpmags,"Sweetheart Stories, Vol. 0, No. 316 (Aug. 1942)",1942-0800,Sweetheart Stories,Florence A. McChesney,Dell Publishing Co.,10,114,http://www.pulpmags.org/collections/flb/swe19420800/index.html
267,tad19320700,tad,pulpmags,"Thrilling Adventures, Vol. 2, No. 3 (Jul. 1932)",1932-0700,Thrilling Adventures,J.S. Williams,Metropolitan Magazines,10,132,http://www.pulpmags.org/collections/flb/tad19320700/index.html
268,tad19390600,tad,pulpmags,"Thrilling Adventures, Vol. 30, No. 1 (Jun. 1939)",1939-0600,Thrilling Adventures,J.S. Williams,"Standard Magazines, Inc.",10,116,http://www.pulpmags.org/collections/flb/tad19390600/index.html
269,tad19390800,tad,pulpmags,"Thrilling Adventures, Vol. 30, No. 3 (Aug. 1939)",1939-0800,Thrilling Adventures,J.S. Williams,"Standard Magazines, Inc.",10,114,http://www.pulpmags.org/collections/flb/tad19390800/index.html
270,tin19500300,tin,pulpmags,"Thrills Incorporated, Vol. 0, No. 1 (Mar. 1950)",1950-0300,Thrills Incorporated,Alister Innes,Transport Publishing Co. (Assoc. Gen. Pub.),9(d),52,http://www.pulpmags.org/collections/flb/tin19500300/index.html
271,tin19500400,tin,pulpmags,"Thrills Incorporated, Vol. 0, No. 2 (Apr. 1950)",1950-0400,Thrills Incorporated,Alister Innes,Transport Publishing Co. (Assoc. Gen. Pub.),9(d),52,http://www.pulpmags.org/collections/flb/tin19500400/index.html
272,tin19500500,tin,pulpmags,"Thrills Incorporated, Vol. 0, No. 3 (May 1950)",1950-0500,Thrills Incorporated,Alister Innes,Transport Publishing Co. (Assoc. Gen. Pub.),9(d),52,http://www.pulpmags.org/collections/flb/tin19500500/index.html
273,tin19500600,tin,pulpmags,"Thrills Incorporated, Vol. 0, No. 4 (Jun. 1950)",1950-0600,Thrills Incorporated,Alister Innes,Transport Publishing Co. (Assoc. Gen. Pub.),9(d),52,http://www.pulpmags.org/collections/flb/tin19500600/index.html
274,tin19500700,tin,pulpmags,"Thrills Incorporated, Vol. 0, No. 5 (Jul. 1950)",1950-0700,Thrills Incorporated,Alister Innes,Transport Publishing Co. (Assoc. Gen. Pub.),9(d),52,http://www.pulpmags.org/collections/flb/tin19500700/index.html
275,tin19511100,tin,pulpmags,"Thrills Incorporated, Vol. 0, No. 17 (Nov. 1951)",1951-1100,Thrills Incorporated,Alister Innes,Transport Publishing Co. (Assoc. Gen. Pub.),8(d),32,http://www.pulpmags.org/collections/flb/tin19511100/index.html
276,tin19520600,tin,pulpmags,"Thrills Incorporated, Vol. 0, No. 23 (Jun. 1952)",1952-0600,Thrills Incorporated,Alister Innes,Transport Publishing Co. (Assoc. Gen. Pub.),8(d),36,http://www.pulpmags.org/collections/flb/tin19520600/index.html
277,tip18970626,tip,contexts1,"Tip Top Weekly, Vol. 1, No. 63 (Jun. 26, 1897)",1897-0626,Tip Top Weekly,Frederick Tilney,Street & Smith Corp.,5,36,http://www.pulpmags.org/collections/flb/tip18970626/index.html
278,top19120201,top,pulpmags,"Top-Notch Magazine, Vol. 7, No. 3 (Feb. 1, 1912)",1912-0201,Top-Notch Magazine,Harry W. Thomas,Street & Smith Corp.,10,192,http://www.pulpmags.org/collections/flb/top19120201/index.html
279,top19130301,top,pulpmags,"Top-Notch Magazine, Vol. 11, No. 5 (Mar. 1, 1913)",1913-0301,Top-Notch Magazine,Harry W. Thomas,Street & Smith Corp.,10,192,http://www.pulpmags.org/collections/flb/top19130301/index.html
280,top19150501,top,pulpmags,"Top-Notch Magazine, Vol. 22, No. 2 (May 1, 1915)",1915-0501,Top-Notch Magazine,Harry W. Thomas,Street & Smith Corp.,15,224,http://www.pulpmags.org/collections/flb/top19150501/index.html
281,top19171015,top,pulpmags,"Top-Notch Magazine, Vol. 32, No. 2 (Oct. 15, 1917)",1917-1015,Top-Notch Magazine,Harry W. Thomas,Street & Smith Corp.,15,208,http://www.pulpmags.org/collections/flb/top19171015/index.html
282,top19260601,top,pulpmags,"Top-Notch Magazine, Vol. 66, No. 3 (Jun. 1, 1926)",1926-0601,Top-Notch Magazine,Harry W. Thomas,Street & Smith Corp.,15,174,http://www.pulpmags.org/collections/flb/top19260601/index.html
283,wei19350100,wei,pulpmags,"Weird Tales, Vol. 25, No. 1 (Jan. 1935)",1935-0100,Weird Tales,Farnsworth Wright,Popular Fiction Publishing Co.,25,148,http://www.pulpmags.org/collections/flb/wei19350100/index.html
284,wei19360809,wei,pulpmags,"Weird Tales, Vol. 28, No. 2 (Aug.-Sep. 1936)",1936-0809,Weird Tales,Farnsworth Wright,Popular Fiction Publishing Co.,25,132,http://www.pulpmags.org/collections/flb/wei19360809/index.html
285,wei19361000,wei,pulpmags,"Weird Tales, Vol. 28, No. 3 (Oct. 1936)",1936-1000,Weird Tales,Farnsworth Wright,Popular Fiction Publishing Co.,25,132,http://www.pulpmags.org/collections/flb/wei19361000/index.html
286,wei19370700,wei,pulpmags,"Weird Tales, Vol. 30, No. 1 (Jul. 1937)",1937-0700,Weird Tales,Farnsworth Wright,Popular Fiction Publishing Co.,25,132,http://www.pulpmags.org/collections/flb/wei19370700/index.html
287,wei19371000,wei,pulpmags,"Weird Tales, Vol. 30, No. 4 (Oct. 1937)",1937-1000,Weird Tales,Farnsworth Wright,Popular Fiction Publishing Co.,25,128,http://www.pulpmags.org/collections/flb/wei19371000/index.html
288,wei19371200,wei,pulpmags,"Weird Tales, Vol. 30, No. 6 (Dec. 1937)",1937-1200,Weird Tales,Farnsworth Wright,Popular Fiction Publishing Co.,25,132,http://www.pulpmags.org/collections/flb/wei19371200/index.html
289,wei19380200,wei,pulpmags,"Weird Tales, Vol. 31, No. 2 (Feb. 1938)",1938-0200,Weird Tales,Farnsworth Wright,Popular Fiction Publishing Co.,25,132,http://www.pulpmags.org/collections/flb/wei19380200/index.html
290,wei19380300,wei,pulpmags,"Weird Tales, Vol. 31, No. 3 (Mar. 1938)",1938-0300,Weird Tales,Farnsworth Wright,Popular Fiction Publishing Co.,25,132,http://www.pulpmags.org/collections/flb/wei19380300/index.html
291,wei19380700,wei,pulpmags,"Weird Tales, Vol. 32, No. 1 (Jul. 1938)",1938-0700,Weird Tales,Farnsworth Wright,Popular Fiction Publishing Co.,25,132,http://www.pulpmags.org/collections/flb/wei19380700/index.html
292,wei19381100,wei,pulpmags,"Weird Tales, Vol. 32, No. 5 (Nov. 1938)",1938-1100,Weird Tales,Farnsworth Wright,Popular Fiction Publishing Co.,25,132,http://www.pulpmags.org/collections/flb/wei19381100/index.html
293,wei19390400,wei,pulpmags,"Weird Tales, Vol. 33, No. 4 (Apr. 1939)",1939-0400,Weird Tales,Farnsworth Wright,"Weird Tales, New York",25,164,http://www.pulpmags.org/collections/flb/wei19390400/index.html
294,wid19160110,wid,pulpmags,"Wide-Awake Magazine, Vol. 4, No. 3 (Jan. 10, 1916)",1916-0110,Wide-Awake Magazine,Gilbert Patten,Street & Smith Corp.,10,132,http://www.pulpmags.org/collections/flb/wid19160110/index.html
295,wiw19220303,wiw,contexts1,"Wild West Weekly, Vol. 0, No. 1101 (Mar. 3, 1922)",1922-0303,Wild West Weekly,Ronald Oliphant,"Harry E. Wolff, Publisher",7,36,http://www.pulpmags.org/collections/flb/wiw19220303/index.html
296,won19301200,won,pulpmags,"Wonder Stories, Vol. 2, No. 7 (Dec. 1930)",1930-1200,Wonder Stories,David Lasser,Stellar Publishing Corp.,25,148,http://www.pulpmags.org/collections/flb/won19301200/index.html
297,won19310100,won,pulpmags,"Wonder Stories, Vol. 2, No. 8 (Jan. 1931)",1931-0100,Wonder Stories,David Lasser,Stellar Publishing Corp.,25,148,http://www.pulpmags.org/collections/flb/won19310100/index.html
298,won19310200,won,pulpmags,"Wonder Stories, Vol. 2, No. 9 (Feb. 1931)",1931-0200,Wonder Stories,David Lasser,Stellar Publishing Corp.,25,148,http://www.pulpmags.org/collections/flb/won19310200/index.html
299,won19310300,won,pulpmags,"Wonder Stories, Vol. 2, No. 10 (Mar. 1931)",1931-0300,Wonder Stories,David Lasser,Stellar Publishing Corp.,25,148,http://www.pulpmags.org/collections/flb/won19310300/index.html
300,won19310400,won,pulpmags,"Wonder Stories, Vol. 2, No. 11 (Apr. 1931)",1931-0400,Wonder Stories,David Lasser,Stellar Publishing Corp.,25,148,http://www.pulpmags.org/collections/flb/won19310400/index.html
301,won19310500,won,pulpmags,"Wonder Stories, Vol. 2, No. 12 (May 1931)",1931-0500,Wonder Stories,David Lasser,Stellar Publishing Corp.,25,148,http://www.pulpmags.org/collections/flb/won19310500/index.html
302,won19310600,won,pulpmags,"Wonder Stories, Vol. 3, No. 1 (Jun. 1931)",1931-0600,Wonder Stories,David Lasser,Stellar Publishing Corp.,25,148,http://www.pulpmags.org/collections/flb/won19310600/index.html
303,won19310700,won,pulpmags,"Wonder Stories, Vol. 3, No. 2 (Jul. 1931)",1931-0700,Wonder Stories,David Lasser,Stellar Publishing Corp.,25,148,http://www.pulpmags.org/collections/flb/won19310700/index.html
304,won19310800,won,pulpmags,"Wonder Stories, Vol. 3, No. 3 (Aug. 1931)",1931-0800,Wonder Stories,David Lasser,Stellar Publishing Corp.,25,148,http://www.pulpmags.org/collections/flb/won19310800/index.html
305,won19311000,won,pulpmags,"Wonder Stories, Vol. 3, No. 5 (Oct. 1931)",1931-1000,Wonder Stories,David Lasser,Stellar Publishing Corp.,25,148,http://www.pulpmags.org/collections/flb/won19311000/index.html
306,won19320800,won,pulpmags,"Wonder Stories, Vol. 4, No. 3 (Aug. 1932)",1932-0800,Wonder Stories,David Lasser,Stellar Publishing Corp.,25,100,http://www.pulpmags.org/collections/flb/won19320800/index.html
307,won19340800,won,pulpmags,"Wonder Stories, Vol. 6, No. 3 (Aug. 1934)",1934-0800,Wonder Stories,Charles D. Hornig,"Continental Publications, Inc.",25,132,http://www.pulpmags.org/collections/flb/won19340800/index.html
308,wor19221100,wor,pulpmags,"World Fiction, Vol. 1, No. 4 (Nov. 1922)",1922-1100,World Fiction,Harriet V. Wishnieff,Houston Publishing Company,25,132,http://www.pulpmags.org/collections/flb/wor19221100/index.html
309,wsm19221125,wsm,pulpmags,"Western Story Magazine, Vol. 30, No. 4 (Nov. 25, 1922)",1922-1125,Western Story Magazine,Frank E. Blackwell,Street & Smith Corp.,15,148,http://www.pulpmags.org/collections/flb/wsm19221125/index.html
310,wsm19260605,wsm,pulpmags,"Western Story Magazine, Vol. 61, No. 2 (Jun. 5, 1926)",1926-0605,Western Story Magazine,Frank E. Blackwell,Street & Smith Corp.,15,172,http://www.pulpmags.org/collections/flb/wsm19260605/index.html
311,wsm19340512,wsm,pulpmags,"Western Story Magazine, Vol. 130, No. 2 (May 12, 1934)",1934-0512,Western Story Magazine,Frank E. Blackwell,Street & Smith Corp.,15,144,http://www.pulpmags.org/collections/flb/wsm19340512/index.html
312,wsm19400727,wsm,pulpmags,"Western Story Magazine, Vol. 184, No. 2 (Jul. 27, 1940)",1940-0727,Western Story Magazine,John Burr,Street & Smith Corp.,10,128,http://www.pulpmags.org/collections/flb/wsm19400727/index.html
313,wsq19300700,wsq,pulpmags,"Wonder Stories Quarterly, Vol. 1, No. 4 (Jul. 1930)",1930-0700,Wonder Stories Quarterly,David Lasser,Stellar Publishing Corp.,50,148,http://www.pulpmags.org/collections/flb/wsq19300700/index.html
314,wsq19301000,wsq,pulpmags,"Wonder Stories Quarterly, Vol. 2, No. 1 (Oct. 1930)",1930-1000,Wonder Stories Quarterly,David Lasser,Stellar Publishing Corp.,50,148,http://www.pulpmags.org/collections/flb/wsq19301000/index.html
315,wsq19310100,wsq,pulpmags,"Wonder Stories Quarterly, Vol. 2, No. 2 (Jan. 1931)",1931-0100,Wonder Stories Quarterly,David Lasser,Stellar Publishing Corp.,50,148,http://www.pulpmags.org/collections/flb/wsq19310100/index.html
316,wsq19310400,wsq,pulpmags,"Wonder Stories Quarterly, Vol. 2, No. 3 (Apr. 1931)",1931-0400,Wonder Stories Quarterly,David Lasser,Stellar Publishing Corp.,50,148,http://www.pulpmags.org/collections/flb/wsq19310400/index.html
317,wsq19311000,wsq,pulpmags,"Wonder Stories Quarterly, Vol. 3, No. 1 (Oct. 1931)",1931-1000,Wonder Stories Quarterly,David Lasser,Stellar Publishing Corp.,50,148,http://www.pulpmags.org/collections/flb/wsq19311000/index.html
318,wsq19320400,wsq,pulpmags,"Wonder Stories Quarterly, Vol. 3, No. 3 (Apr. 1932)",1932-0400,Wonder Stories Quarterly,David Lasser,Stellar Publishing Corp.,50,148,http://www.pulpmags.org/collections/flb/wsq19320400/index.html
319,wsq19320700,wsq,pulpmags,"Wonder Stories Quarterly, Vol. 3, No. 4 (Jul. 1932)",1932-0700,Wonder Stories Quarterly,David Lasser,Stellar Publishing Corp.,50,148,http://www.pulpmags.org/collections/flb/wsq19320700/index.html
320,you19140100,you,contexts3,"Young's Magazine, Vol. 27, No. 2 (Jan. 1914)",1914-0100,Young's Magazine,Cashel St. John Pomeroy,C.H. Young Pub. Co.,15,140,http://pitt.edu/~belk/pulpmags/collections/flb/you19140100/index.html
