item_uid,issue_id,title_id,start_pp,end_pp,item_url,item_title_m,genre_l,item_pers_name,item_pers_role,,,,,,,,10s
2gw194204a0001,2gw194204,2gw,8,61,html/2gw194204.html#a0001,WHEN A TEXAS TOWN GOES GUN-CRAZY,novel,George M. Conklin,author,,,,,,,,10s
2gw194204a0002,2gw194204,2gw,71,86,html/2gw194204.html#a0002,EMPTY SADDLES MEAN WAR!,novel,Morse Chandler,author,,,,,,,,10s
2gw194204a0003,2gw194204,2gw,87,102,html/2gw194204.html#a0003,THE KID FROM DAMNATION VALLEY,story,James P. Olsen,author,,,,,,,,10s
2gw194204a0004,2gw194204,2gw,62,70,html/2gw194204.html#a0004,NO MANBREAKERS WANTED!,story,W. H. B. Kent,author,,,,,,,,10s
2gw194204a0005,2gw194204,2gw,103,114,html/2gw194204.html#a0005,BORROWED BULLETS,story,Ralph Berard,author,,,,,,,,10s
adv191102a0001,adv191102,adv,0,0,html/adv191102.html,Cover Design,illustration,Charles E. Falls,illustrator,,,,,,,,10s
adv191102a0002,adv191102,adv,569,574,html/adv191102.html#a0001,Tigre and Isola,story,Will H. Thompson,author,,,,,,,,10s
adv191102a0003,adv191102,adv,575,578,html/adv191102.html#a0002,Two on Trinity,story,Frank Lillie Pollock,author,,,,,,,,10s
adv191102a0004,adv191102,adv,579,592,html/adv191102.html#a0003,The Great Todescan's Secret Thrust,story,Agnes and Egerton Castle,author,,,,,,,,10s
adv191102a0005,adv191102,adv,593,603,html/adv191102.html#a0004,Looking for Trouble,story,Captain George B. Boynton,author,,,,,,,,10s
adv191102a0006,adv191102,adv,604,612,html/adv191102.html#a0005,The Flies in Amber,story,Robert Dunn,author,,,,,,,,10s
adv191102a0007,adv191102,adv,613,627,html/adv191102.html#a0006,Yellow Men and Gold,serial,Gouverneur Morris,author,,,,,,,,2gw
adv191102a0008,adv191102,adv,628,632,html/adv191102.html#a0007,The Ends of Justice,story,C. Langton Clarke,author,,,,,,,,2gw
adv191102a0009,adv191102,adv,633,640,html/adv191102.html#a0008,The Smooth-bore Hermanos,story,Carl Henry,author,,,,,,,,2gw
adv191102a0010,adv191102,adv,641,652,html/adv191102.html#a0009,A Samaritan of the Riverine,story,Randolph Bedford,author,,,,,,,,2gw
adv191102a0011,adv191102,adv,653,660,html/adv191102.html#a0010,Dixie Pasha,story,Thomas P. Byron,author,,,,,,,,2gw
adv191102a0012,adv191102,adv,661,665,html/adv191102.html#a0011,Dynamite Stories,story,Hudson Maxim,author,,,,,,,,aas
adv191102a0013,adv191102,adv,666,674,html/adv191102.html#a0012,Henery's Literary Success,story,J. W. Muller,author,,,,,,,,aas
adv191102a0014,adv191102,adv,675,688,html/adv191102.html#a0013,Can a Man be True?,serial,Winifred Graham,author,,,,,,,,aas
adv191102a0015,adv191102,adv,691,700,html/adv191102.html#a0014,He that Prepareth the Way,story,Radoslav A. Tsanoff,author,,,,,,,,aas
adv191102a0016,adv191102,adv,701,709,html/adv191102.html#a0015,The Strangler,story,Paul E. Triem,author,,,,,,,,aas
adv191102a0017,adv191102,adv,710,716,html/adv191102.html#a0016,With an Elephant Hunter in Africa,story,J. Herbert Welch,author,,,,,,,,aas
adv191102a0018,adv191102,adv,717,721,html/adv191102.html#a0017,The Troth,story,Newton A. Fuessle,author,,,,,,,,aas
adv191102a0019,adv191102,adv,723,730,html/adv191102.html#a0018,In the Noon of the Moon,story,Horace Hazeltine,author,,,,,,,,aas
adv191102a0020,adv191102,adv,732,758,html/adv191102.html#a0019,The Mahogany Garden,novel,"Frank Stanton, Jr.",author,,,,,,,,aas
ams192604a0001,ams192604,ams,4,56,html/ams192604.html#a0001,"Off on a Comet, or Hector Servadac",novel,Jules Verne,author,,,,,,,,aas
ams192604a0002,ams192604,ams,57,61,html/ams192604.html#a0002,The New Accelerator,story,H. G. Wells,author,,,,,,,,aas
ams192604a0003,ams192604,ams,62,66,html/ams192604.html#a0003,The Man From the Atom,serial,G. Peyton Wertenbaker,author,,,,,,,,aas
ams192604a0004,ams192604,ams,67,73,html/ams192604.html#a0004,The Thing From Outside,story,George Allen England,author,,,,,,,,aas
ams192604a0005,ams192604,ams,74,91,html/ams192604.html#a0005,The Man Who Saved the Earth,story,Austin Hall,author,,,,,,,,aas
ams192604a0006,ams192604,ams,92,96,html/ams192604.html#a0006,The Facts in the Case of Mr. Valdemar,story,Edgar Allan Poe,author,,,,,,,,aas
ams192605a0001,ams192605,ams,100,123,html/ams192605.html#a0001,A Trip to the Center of the Earth,serial,Jules Verne,author,,,,,,,,aas
ams192605a0002,ams192605,ams,124,127,html/ams192605.html#a0002,Mesmeric Revelation,story,Edgar Allan Poe,author,,,,,,,,aas
ams192605a0003,ams192605,ams,128,135,html/ams192605.html#a0003,The Crystal Egg,story,H. G. Wells,author,,,,,,,,aas
ams192605a0004,ams192605,ams,136,139,html/ams192605.html#a0004,The Infinite Vision,story,Charles C. Winn,author,,,,,,,,aas
ams192605a0005,ams192605,ams,140,147,html/ams192605.html#a0005,The Man From the Atom,serial,G. Peyton Wertenbaker,author,,,,,,,,aas
ams192605a0006,ams192605,ams,148,192,html/ams192605.html#a0006,Off On a Comet,novel,Jules Verne,author,,,,,,,,aas
ams192606a0001,ams192606,ams,196,231,html/ams192606.html#a0001,A Trip to the Center of the Earth,serial,Jules Verne,author,,,,,,,,aas
ams192606a0002,ams192606,ams,232,237,html/ams192606.html#a0002,The Coming of the Ice,story,G. Peyton Wertenbaker,author,,,,,,,,aas
ams192606a0003,ams192606,ams,238,241,html/ams192606.html#a0003,The Scientific Adventures of Mr. Fosdick,serial,Jacque Morgan,author,,,,,,,,aas
ams192606a0004,ams192606,ams,242,246,html/ams192606.html#a0004,The Star,story,H. G. Wells,author,,,,,,,,aas
ams192606a0005,ams192606,ams,247,249,html/ams192606.html#a0005,Whispering Ether,story,Charles S. Wolfe,author,,,,,,,,aas
ams192606a0006,ams192606,ams,250,265,html/ams192606.html#a0006,The Runaway Skyscraper,story,Murray Leinster,author,,,,,,,,aas
ams192606a0007,ams192606,ams,266,271,html/ams192606.html#a0007,An Experiment in Gyro-Hats,story,Ellis Parker Butler,author,,,,,,,,aas
ams192606a0008,ams192606,ams,272,279,html/ams192606.html#a0008,The Malignant Entity,story,Otis Adelbert Kline,author,,,,,,,,aas
ams192606a0009,ams192606,ams,280,288,html/ams192606.html#a0009,Doctor Hackensaw's Secrets,serial,Clement Fezandie,author,,,,,,,,aas
ams192607a0001,ams192607,ams,292,311,html/ams192607.html#a0001,Station X,story,G. McLeod Winsor,author,,,,,,,,aas
ams192607a0002,ams192607,ams,312,317,html/ams192607.html#a0002,The Man Who Could Work Miracles,story,H. G. Wells,author,,,,,,,,aas
ams192607a0003,ams192607,ams,318,321,html/ams192607.html#a0003,THE SCIENTIFIC ADVENTURES of MR. FOSDICK,serial,Jacque Morgan,author,,,,,,,,aas
ams192607a0004,ams192607,ams,322,345,html/ams192607.html#a0004,The Moon Metal,novel,Garrett P. Serviss,author,,,,,,,,aas
ams192607a0005,ams192607,ams,346,349,html/ams192607.html#a0005,The Eggs from Lake Tanganyika,story,Curt Siodmak,author,,,,,,,,aas
ams192607a0006,ams192607,ams,350,356,html/ams192607.html#a0006,The Magnetic Storm,story,Hugo Gernsback,author,,,,,,,,aas
ams192607a0007,ams192607,ams,357,359,html/ams192607.html#a0007,The Sphinx,story,Edgar Allan Poe,author,,,,,,,,aas
ams192607a0008,ams192607,ams,360,375,html/ams192607.html#a0008,A Trip to the Center of the Earth,serial,H. G. Wells,author,,,,,,,,aas
ams192607a0009,ams192607,ams,376,379,html/ams192607.html#a0009,Doctor Hackensaw's Secrets,serial,Clement Fezandie,author,,,,,,,,aas
bm192008a0001,bm192008,bm,3,26,html/bm192008.html#a0001,The Man Who Was Seven,novel,J. Frederic Thorne,author,,,,,,,,aas
bm192008a0002,bm192008,bm,27,34,html/bm192008.html#a0002,The Summons,story,Henry Altimus,author,,,,,,,,aas
bm192008a0003,bm192008,bm,35,44,html/bm192008.html#a0003,The Abandoned House,story,Beulah Poynter,author,,,,,,,,aas
bm192008a0004,bm192008,bm,45,48,html/bm192008.html#a0004,The Face That Stared Back at Blaisdell,story,Edwin Carty Ranck,author,,,,,,,,aas
bm192008a0005,bm192008,bm,49,64,html/bm192008.html#a0005,More Deadly than the Viper,story,"Harry C. Hervey, Jr.",author,,,,,,,,aas
bm192008a0006,bm192008,bm,65,70,html/bm192008.html#a0006,Jim Dickinson's Head,story,Harold Ward,author,,,,,,,,aas
bm192008a0007,bm192008,bm,71,80,html/bm192008.html#a0007,The Triple Murder in Mulberry Bend,story,Christopher Hawthorne,author,,,,,,,,aas
bm192008a0008,bm192008,bm,81,87,html/bm192008.html#a0008,The Valley Where Dead Men Live,story,Harold Ward,author,,,,,,,,aas
bm192008a0009,bm192008,bm,88,94,html/bm192008.html#a0009,The Strange Story of Martin Colby,story,Ward Sterling,author,,,,,,,,aas
bm192008a0010,bm192008,bm,95,102,html/bm192008.html#a0010,Where the Span Splits,story,Sam Hellman,author,,,,,,,,aas
bm192008a0011,bm192008,bm,103,121,html/bm192008.html#a0011,After Midnight,novel,Martha Neville,author,,,,,,,,aas
bm192008a0012,bm192008,bm,122,128,html/bm192008.html#a0012,Brothers-of-the-Coast,story,J. C. Kofoed,author,,,,,,,,aas
bm192009a0001,bm192009,bm,3,27,html/bm192009.html#a0001,Black Shadows,story,J. C. Kofoed,author,,,,,,,,aas
bm192009a0002,bm192009,bm,28,28,html/bm192009.html#a0002,The Choice,story,Eugene Guillaume,author,,,,,,,,aas
bm192009a0003,bm192009,bm,29,36,html/bm192009.html#a0003,The Long Arm of God,story,Ward Sterling,author,,,,,,,,aas
bm192009a0004,bm192009,bm,37,42,html/bm192009.html#a0004,Planned by the Stars,story,C. S. Montanye,author,,,,,,,,aas
bm192009a0005,bm192009,bm,43,48,html/bm192009.html#a0005,Fingers from the Grave,story,Edwin Carty Ranck,author,,,,,,,,aas
bm192009a0006,bm192009,bm,49,60,html/bm192009.html#a0006,The Deviltry of Dr. Waugh,story,Christopher B. Booth,author,,,,,,,,aas
bm192009a0007,bm192009,bm,61,71,html/bm192009.html#a0007,Daughter of the Pigeon,story,"Harry C. Hervey, Jr.",author,,,,,,,,aas
bm192009a0008,bm192009,bm,72,76,html/bm192009.html#a0008,The Heart on the Mantle,story,Paul Everman,author,,,,,,,,aas
bm192009a0009,bm192009,bm,77,80,html/bm192009.html#a0009,The Devil Takes a Hand,story,Ward Sterling,author,,,,,,,,aas
bm192009a0010,bm192009,bm,81,92,html/bm192009.html#a0010,The Strange Case of Nathaniel Broome,story,Charles McDonnell,author,,,,,,,,aas
bm192009a0011,bm192009,bm,93,110,html/bm192009.html#a0011,The Man Who Would Not Die,novel,Harold Ward,author,,,,,,,,aas
bm192009a0012,bm192009,bm,111,120,html/bm192009.html#a0012,The Yellow Dog,story,Eric A. Darling,author,,,,,,,,aas
bm192009a0013,bm192009,bm,121,132,html/bm192009.html#a0013,Bulling the Bulls,story,Walter Scott Story,author,,,,,,,,aas
bm192011a0001,bm192011,bm,3,26,html/bm192011.html#a0001,The Man in the Black Mask,story,Harold Ward,author,,,,,,,,adv
bm192011a0002,bm192011,bm,27,42,html/bm192011.html#a0002,The Unbelievable,story,J. B. Hawley,author,,,,,,,,adv
bm192011a0003,bm192011,bm,43,54,html/bm192011.html#a0003,The Georgetown Mystery,story,William Wallace Major,author,,,,,,,,adv
bm192011a0004,bm192011,bm,55,60,html/bm192011.html#a0004,Told in Glass,story,C. S. Montanye,author,,,,,,,,adv
bm192011a0005,bm192011,bm,61,76,html/bm192011.html#a0005,The Half-Asleep Girl,story,William H. Kofoed,author,,,,,,,,adv
bm192011a0006,bm192011,bm,77,84,html/bm192011.html#a0006,The Tell-Tale Band of Yellow,story,Hamilton Craigie,author,,,,,,,,adv
bm192011a0007,bm192011,bm,85,90,html/bm192011.html#a0007,The Murder at Lost Creek,story,Robert E. Hewes,author,,,,,,,,adv
bm192011a0008,bm192011,bm,91,96,html/bm192011.html#a0008,The Gorilla,story,Clinton Harcourt,author,,,,,,,,adv
bm192011a0009,bm192011,bm,97,114,html/bm192011.html#a0009,Two Bells,story,"Harry C. Hervey, Jr.",author,,,,,,,,adv
bm192011a0010,bm192011,bm,115,132,html/bm192011.html#a0010,The Mystery of the Marseilles Express,story,J. C. Kofoed,author,,,,,,,,adv
bm192112a0001,bm192112,bm,3,20,html/bm192112.html#a0001,The Prisoner Speaks,novel,J. Frederic Thorne,author,,,,,,,,adv
bm192112a0002,bm192112,bm,21,29,html/bm192112.html#a0002,Ananias Ltd.,story,Elizabeth Dudley,author,,,,,,,,adv
bm192112a0003,bm192112,bm,30,32,html/bm192112.html#a0003,The Weeping Killer,story,Harry M. Sutherland,author,,,,,,,,adv
bm192112a0004,bm192112,bm,33,36,html/bm192112.html#a0004,The Finishing Touch,story,Charles S. Wolfe,author,,,,,,,,adv
bm192112a0005,bm192112,bm,37,48,html/bm192112.html#a0005,The Trap Thief,story,Henry S. Watson & Asa Steele,author,,,,,,,,adv
bm192112a0006,bm192112,bm,49,54,html/bm192112.html#a0006,The Mystery of the One-Legged Man,story,J. B. Hawley,author,,,,,,,,adv
bm192112a0007,bm192112,bm,55,68,html/bm192112.html#a0007,"Hear Not, See Not, Speak Not Evil",story,Walter Deffenbaugh,author,,,,,,,,adv
bm192112a0008,bm192112,bm,69,76,html/bm192112.html#a0008,Fear,story,Pettersen Marzoni,author,,,,,,,,adv
bm192112a0009,bm192112,bm,77,82,html/bm192112.html#a0009,The Woman Who Cursed a Man,story,Harold Ward,author,,,,,,,,adv
bm192112a0010,bm192112,bm,83,90,html/bm192112.html#a0010,Thornton Smiled Significantly,story,David Morrison,author,,,,,,,,adv
bm192112a0011,bm192112,bm,91,101,html/bm192112.html#a0011,The Dark Brown Dress,novel,Meredith Beyers,author,,,,,,,,adv
bm192112a0012,bm192112,bm,102,106,html/bm192112.html#a0012,In Full Payment,story,John B. Hart,author,,,,,,,,adv
bm192112a0013,bm192112,bm,107,112,html/bm192112.html#a0013,The Man Who Knew Too Much,story,John D. Swain,author,,,,,,,,adv
bm192112a0014,bm192112,bm,113,128,html/bm192112.html#a0014,Fit for a King,story,Walter Deffenbaugh,author,,,,,,,,adv
bm192204a0001,bm192204,bm,3,18,html/bm192204.html#a0001,Exterior to the Evidence,novel,J. S. Fletcher,author,,,,,,,,adv
bm192204a0002,bm192204,bm,19,26,html/bm192204.html#a0002,The Finger of Guilt,story,J. J. Stagg,author,,,,,,,,adv
bm192204a0003,bm192204,bm,27,34,html/bm192204.html#a0003,Appearances Are Deceiving,story,"George B. Jenkins, Jr.",author,,,,,,,,adv
bm192204a0004,bm192204,bm,35,40,html/bm192204.html#a0004,The Light That Lies,story,Pettersen Marzoni,author,,,,,,,,adv
bm192204a0005,bm192204,bm,41,50,html/bm192204.html#a0005,The Trap,story,R. T. M. Scott,author,,,,,,,,adv
bm192204a0006,bm192204,bm,51,56,html/bm192204.html#a0006,The Extra Dozen Eggs,story,J. B. Hawley,author,,,,,,,,adv
bm192204a0007,bm192204,bm,57,60,html/bm192204.html#a0007,The Man Who Was,story,Harold Ward,author,,,,,,,,adv
bm192204a0008,bm192204,bm,61,90,html/bm192204.html#a0008,The Campaign for Vengeance,story,John Baer,author,,,,,,,,adv
bm192204a0009,bm192204,bm,91,96,html/bm192204.html#a0009,The Brand of Cain,story,Ward Sterling,author,,,,,,,,adv
bm192204a0010,bm192204,bm,97,105,html/bm192204.html#a0010,A Track-and-a-Half,story,Walter Deffenbaugh,author,,,,,,,,adv
bm192204a0011,bm192204,bm,106,112,html/bm192204.html#a0011,The Too-Easy Alibi,novel,George Briggs,author,,,,,,,,adv
bm192204a0012,bm192204,bm,113,119,html/bm192204.html#a0012,Pink Ears,story,Murray Leinster,author,,,,,,,,adv
bm192204a0013,bm192204,bm,120,123,html/bm192204.html#a0013,Hankenson's Perfect Crime,story,Ward Sterling,author,,,,,,,,adv
bm192204a0014,bm192204,bm,124,128,html/bm192204.html#a0014,The New Mystery Books,review,Capt. Frank Cunningham,author,,,,,,,,adv
bm192208a0001,bm192208,bm,3,18,html/bm192208.html#a0001,Blueberry Pie,story,Thyra Samter Winslow,author,,,,,,,,adv
bm192208a0002,bm192208,bm,19,29,html/bm192208.html#a0002,The Phantom Check,story,George Bruce Marquis,author,,,,,,,,adv
bm192208a0003,bm192208,bm,30,36,html/bm192208.html#a0003,The Vault,story,Murray Leinster,author,,,,,,,,adv
bm192208a0004,bm192208,bm,37,43,html/bm192208.html#a0004,Murder in Haste,novel,John Baer,author,,,,,,,,adv
bm192208a0005,bm192208,bm,44,46,html/bm192208.html#a0005,A Weapon of the Law,story,George W. Breuker,author,,,,,,,,adv
bm192208a0006,bm192208,bm,47,54,html/bm192208.html#a0006,The Monolith Hotel Mystery,story,Lloyd Lonergan,author,,,,,,,,adv
bm192208a0007,bm192208,bm,55,71,html/bm192208.html#a0007,Exterior to the Evidence,novel,J. S. Fletcher,author,,,,,,,,adv
bm192208a0008,bm192208,bm,72,74,html/bm192208.html#a0008,The Failure,story,Harold Ward,author,,,,,,,,adv
bm192208a0009,bm192208,bm,75,80,html/bm192208.html#a0009,The Explosive Gentleman,story,J. J. Stagg,author,,,,,,,,adv
bm192208a0010,bm192208,bm,81,88,html/bm192208.html#a0010,The Weight of a Feather,story,Carl Clausen,author,,,,,,,,adv
bm192208a0011,bm192208,bm,89,97,html/bm192208.html#a0011,His Thirteenth Wife,novel,Hubert Raymond Carter,author,,,,,,,,adv
bm192208a0012,bm192208,bm,98,106,html/bm192208.html#a0012,The Mistaken Sacrifice,story,Howard Rockey,author,,,,,,,,adv
bm192208a0013,bm192208,bm,107,113,html/bm192208.html#a0013,The Police Sometimes Guess Wrong,story,Harold Ward,author,,,,,,,,adv
bm192208a0014,bm192208,bm,114,122,html/bm192208.html#a0014,The Catspaw,story,Ward Sterling,author,,,,,,,,air
bm192208a0015,bm192208,bm,123,128,html/bm192208.html#a0015,The Finger Print Bureau,story,"William Stanwood Post, F.P.E.",author,,,,,,,,air
bt193501a0001,bt193501,bed,2,7,html/bt193501.html#a0001,Paid in Full,story,Grace Barlee,author,,,,,,,,air
bt193501a0002,bt193501,bed,8,15,html/bt193501.html#a0002,It Happened in a Beauty Parlor,novel,Eva Gaston,author,,,,,,,,air
bt193501a0003,bt193501,bed,16,16,html/bt193501.html#a0003,Bedtime Tales Humor,story,[Anon.],author,,,,,,,,air
bt193501a0004,bt193501,bed,17,32,html/bt193501.html#a0004,French Dollies on Parade,photoprint,[Anon.],photographer,,,,,,,,air
bt193501a0005,bt193501,bed,33,39,html/bt193501.html#a0005,Gay Paree,story,Philip Laverne,author,,,,,,,,air
bt193501a0006,bt193501,bed,40,40,html/bt193501.html#a0006,Dishing out the Dirt,story,[Anon.],author,,,,,,,,air
bt193501a0007,bt193501,bed,41,41,html/bt193501.html#a0007,Story in Picture,story,[Anon.],illustrator,,,,,,,,air
bt193501a0008,bt193501,bed,42,42,html/bt193501.html#a0008,Guessing Contest,story,[Anon.],author,,,,,,,,air
bt193501a0009,bt193501,bed,43,47,html/bt193501.html#a0009,All Set for the Killing,story,Oscer Rue,author,,,,,,,,ams
bt193501a0010,bt193501,bed,48,48,html/bt193501.html#a0010,Swapping Stories,misc,[Anon.],author,,,,,,,,ams
dsm19160305a0001,dsm19160305,dsm,1,40,html/dsm19160305.html#a0001,Rogue for a Day,novel,John Mack Stone,author,,,,,,,,ams
dsm19160305a0002,dsm19160305,dsm,41,59,html/dsm19160305.html#a0002,The Crime Destroyer,serial,Frank Conly,author,,,,,,,,ams
dsm19160305a0003,dsm19160305,dsm,60,60,html/dsm19160305.html#a0003,Failure to Avoid Sentence,misc,[Anon.],author,,,,,,,,ams
dsm19160305a0004,dsm19160305,dsm,61,78,html/dsm19160305.html#a0004,Death in Life,novel,[Nicholas Carter],author,,,,,,,,ams
dsm19160305a0005,dsm19160305,dsm,79,79,html/dsm19160305.html#a0005,Effective Police-Whistle Imitation,misc,[Anon.],author,,,,,,,,ams
dsm19160305a0006,dsm19160305,dsm,79,79,html/dsm19160305.html#a0006,Proving Man Dead,misc,[Anon.],author,,,,,,,,ams
dsm19160305a0007,dsm19160305,dsm,80,89,html/dsm19160305.html#a0007,Red Raven VIII. A Chance Clew,story,Scott Campbell,author,,,,,,,,ams
dsm19160305a0008,dsm19160305,dsm,90,101,html/dsm19160305.html#a0008,The Sultana Crescent,story,William F. Vassall,author,,,,,,,,ams
dsm19160305a0009,dsm19160305,dsm,102,102,html/dsm19160305.html#a0009,Shot at Rat Kills Man,misc,[Anon.],author,,,,,,,,ams
dsm19160305a0010,dsm19160305,dsm,102,102,html/dsm19160305.html#a0010,Steal Safe at Night,misc,[Anon.],author,,,,,,,,ams
dsm19160305a0011,dsm19160305,dsm,102,102,html/dsm19160305.html#a0011,Number of Criminals Pardoned,misc,[Anon.],author,,,,,,,,ams
dsm19160305a0012,dsm19160305,dsm,103,110,html/dsm19160305.html#a0012,May and December,story,Frank Parks,author,,,,,,,,ams
dsm19160305a0013,dsm19160305,dsm,111,111,html/dsm19160305.html#a0013,Shot by Playful Dog,misc,[Anon.],author,,,,,,,,ams
dsm19160305a0014,dsm19160305,dsm,111,111,html/dsm19160305.html#a0014,Remove Legacy from Corpse,misc,[Anon.],author,,,,,,,,ams
dsm19160305a0015,dsm19160305,dsm,112,119,html/dsm19160305.html#a0015,Practical Theory,story,Keene Thompson,author,,,,,,,,ams
dsm19160305a0016,dsm19160305,dsm,120,120,html/dsm19160305.html#a0016,Thief's Comment on Business,misc,[Anon.],author,,,,,,,,ams
dsm19160305a0017,dsm19160305,dsm,121,125,html/dsm19160305.html#a0017,The Parthian Shot,story,Robert Peel Noble,author,,,,,,,,ams
dsm19160305a0018,dsm19160305,dsm,126,126,html/dsm19160305.html#a0018,Charge Boy with Forgery,misc,[Anon.],author,,,,,,,,ams
dsm19160305a0019,dsm19160305,dsm,127,127,html/dsm19160305.html#a0019,Grilled,short,Burns Patterson,author,,,,,,,,ams
dsm19160305a0020,dsm19160305,dsm,128,128,html/dsm19160305.html#a0020,Headquarters Chat,column,[The Editor],author,,,,,,,,ams
dsm19161005a0001,dsm19161005,dsm,1,28,html/dsm19161005.html#a0001,The Yellow Claw,novel,Sax Rohmer,author,,,,,,,,ams
dsm19161005a0002,dsm19161005,dsm,29,35,html/dsm19161005.html#a0002,Not Two of a Kind,story,Ladd Plumley,author,,,,,,,,ams
dsm19161005a0003,dsm19161005,dsm,36,71,html/dsm19161005.html#a0003,Black Star's Subterfuge,novel,John Mack Stone,author,,,,,,,,ams
dsm19161005a0004,dsm19161005,dsm,72,81,html/dsm19161005.html#a0004,A Rustic Rival,story,Sergeant Ryan,author,,,,,,,,ams
dsm19161005a0005,dsm19161005,dsm,82,91,html/dsm19161005.html#a0005,The Captive Soul,story,H. Ellis Davis,author,,,,,,,,ams
dsm19161005a0006,dsm19161005,dsm,92,109,html/dsm19161005.html#a0006,Snarled Identities,serial,Douglas Grey,author,,,,,,,,ams
dsm19161005a0007,dsm19161005,dsm,110,116,html/dsm19161005.html#a0007,Every Man Has His Price,story,Howard Fielding,author,,,,,,,,ams
dsm19161005a0008,dsm19161005,dsm,117,126,html/dsm19161005.html#a0008,Suggestion,story,I. M. Hanbury,author,,,,,,,,ams
dsm19161005a0009,dsm19161005,dsm,127,128,html/dsm19161005.html#a0009,Headquarters Chat,column,[The Editor],author,,,,,,,,ams
ic19230112a0001,ic19230112,ico,1,11,html/ic19230112.html#a0001,The Highest Law,story,Ann,author,,,,,,,,ams
ic19230112a0002,ic19230112,ico,12,12,html/ic19230112.html#a0002,A Star That Is Steadily Rising,misc,[Anon.],author,,,,,,,,ams
ic19230112a0003,ic19230112,ico,13,20,html/ic19230112.html#a0003,Big and Brave as a Herring,story,A Girl Stowaway,author,,,,,,,,ams
ic19230112a0004,ic19230112,ico,21,27,html/ic19230112.html#a0004,Uncle Oscar's House Party,story,An Amateur Siren,author,,,,,,,,ams
ic19230112a0005,ic19230112,ico,28,35,html/ic19230112.html#a0005,The Queen of Wheats,story,Maisie,author,,,,,,,,ams
ic19230112a0006,ic19230112,ico,36,45,html/ic19230112.html#a0006,Thrills Thirty Years Ago,story,A Mother,author,,,,,,,,ams
ic19230112a0007,ic19230112,ico,46,47,html/ic19230112.html#a0007,Are You a Lloyd Fan?,misc,[Anon.],author,,,,,,,,ams
ic19230112a0008,ic19230112,ico,48,51,html/ic19230112.html#a0008,The Price of a Flop-House Bunk,story,A Down-and-Out,author,,,,,,,,ams
ic19230112a0009,ic19230112,ico,52,52,html/ic19230112.html#a0009,Music Hall Artist Dies Almost in Want,misc,[Anon.],author,,,,,,,,ams
ic19230112a0010,ic19230112,ico,53,57,html/ic19230112.html#a0010,Seed of Hate,story,A French Mother,author,,,,,,,,ams
ic19230112a0011,ic19230112,ico,58,60,html/ic19230112.html#a0011,Tell Your Troubles to the Trouble Doctor,column,Trouble Doctor,author,,,,,,,,ams
ic19230112a0012,ic19230112,ico,61,61,html/ic19230112.html#a0012,An Announcement!,misc,[Anon.],author,,,,,,,,arg
ic19230112a0013,ic19230112,ico,62,65,html/ic19230112.html#a0013,The Love That Kills,story,A Doctor's Wife,author,,,,,,,,arg
ic19230112a0014,ic19230112,ico,67,80,html/ic19230112.html#a0014,My Roads to the Stars,serial,A Girl Who Ran Away to the Movies,author,,,,,,,,arg
ls191905a0001,ls191905,liv,0,0,html/ls191905.html,Cover Design,illustration,G. Brockman,illustrator,,,,,,,,arg
ls191905a0002,ls191905,liv,1,10,html/ls191905.html#a0001,Studies in Saffron,serial,Thomas Grant,author,,,,,,,,arg
ls191905a0003,ls191905,liv,11,19,html/ls191905.html#a0002,Her Groove,story,Ethel Watts Mumford,author,,,,,,,,arg
ls191905a0004,ls191905,liv,20,20,html/ls191905.html#a0003,A Leaf From Life's Notebook,short,Lillian Bennet-Thompson,author,,,,,,,,arg
ls191905a0005,ls191905,liv,21,46,html/ls191905.html#a0004,The Charlatan,novel,Henry Payson Dowst,author,,,,,,,,arg
ls191905a0006,ls191905,liv,47,47,html/ls191905.html#a0005,May Wind,poem,Morrie Ryskind,author,,,,,,,,arg
ls191905a0007,ls191905,liv,48,48,html/ls191905.html#a0006,Ballade of Lost Faces,poem,Richard Le Gallienne,author,,,,,,,,arg
ls191905a0008,ls191905,liv,49,49,html/ls191905.html#a0007,Consider the Moving Staircase,article,Cleveland Moffett,author,,,,,,,,arg
ls191905a0009,ls191905,liv,50,50,html/ls191905.html#a0008,Sympathy,poem,Annie Crim Leavenworth,author,,,,,,,,arg
ls191905a0010,ls191905,liv,51,55,html/ls191905.html#a0009,Dregs,story,Elizabeth Burgess Hughes,author,,,,,,,,arg
ls191905a0011,ls191905,liv,56,56,html/ls191905.html#a0010,She Loves Me!,short,Hale Merriman,author,,,,,,,,arg
ls191905a0012,ls191905,liv,57,63,html/ls191905.html#a0011,The Marriage of Jones,play,Holly Edwards,author,,,,,,,,arg
ls191905a0013,ls191905,liv,64,64,html/ls191905.html#a0012,May Dusk,poem,Clinton Scollard,author,,,,,,,,arg
ls191905a0014,ls191905,liv,65,69,html/ls191905.html#a0013,The Dark Pool,story,Mary Barratt,author,,,,,,,,bed
ls191905a0015,ls191905,liv,70,70,html/ls191905.html#a0014,Chanson de Cabaret,poem,Archibald Sullivan,author,,,,,,,,bed
ls191905a0016,ls191905,liv,71,80,html/ls191905.html#a0015,A Night at Jacqueminot's,story,Elmore Elliott Peake,author,,,,,,,,bed
ls191905a0017,ls191905,liv,81,81,html/ls191905.html#a0016,Forsaken,poem,Will Thompson,author,,,,,,,,bed
ls191905a0018,ls191905,liv,82,82,html/ls191905.html#a0017,The Joke,short,Manchester Willdy,author,,,,,,,,bed
ls191905a0019,ls191905,liv,83,87,html/ls191905.html#a0018,A Sign of Death,story,Margaret E. Sangster,author,,,,,,,,bed
ls191905a0020,ls191905,liv,88,88,html/ls191905.html#a0019,Hawthorn Abloom,poem,Mary Morsell,author,,,,,,,,bed
ls191905a0021,ls191905,liv,89,102,html/ls191905.html#a0020,The Eighth Devil,story,Roger Hartman,author,,,,,,,,bed
ls191905a0022,ls191905,liv,103,103,html/ls191905.html#a0021,The Burning Bush,poem,Edwin Justus Mayer,author,,,,,,,,bed
ls191905a0023,ls191905,liv,104,104,html/ls191905.html#a0022,In the Good Old Days,short,Frank H. Williams,author,,,,,,,,bed
ls191905a0024,ls191905,liv,105,109,html/ls191905.html#a0023,The Play's the Thing,review,An Insider,author,,,,,,,,bed
ls191905a0025,ls191905,liv,110,110,html/ls191905.html#a0024,An Assyrian Garden: Princess Ajavida,poem,Brian Padraic,author,,,,,,,,blm
ls191905a0026,ls191905,liv,111,116,html/ls191905.html#a0025,The Handwriting Detective,column,Louise Rice,author,,,,,,,,blm
ls191905a0027,ls191905,liv,117,127,html/ls191905.html#a0026,White Treasure,serial,Cyrus Townsend Brady,author,,,,,,,,blm
ls191905a0028,ls191905,liv,128,128,html/ls191905.html#a0027,Good-Bye,poem,Edna Valentine Trapnell,author,,,,,,,,blm
ls191907a0001,ls191907,liv,0,0,html/ls191907.html,Cover Design,illustration,G. Brockman,illustrator,,,,,,,,blm
ls191907a0002,ls191907,liv,1,9,html/ls191907.html#a0001,A Souvenir from Captain Butts,story,Robert Campbell,author,,,,,,,,blm
ls191907a0003,ls191907,liv,10,10,html/ls191907.html#a0002,Chinoiserie,poem,Archie Austin Coats,author,,,,,,,,blm
ls191907a0004,ls191907,liv,11,12,html/ls191907.html#a0003,The Dollar,short,Vincent Starrett,author,,,,,,,,blm
ls191907a0005,ls191907,liv,13,24,html/ls191907.html#a0004,The Harbor,story,Nancy Shore,author,,,,,,,,blm
ls191907a0006,ls191907,liv,25,25,html/ls191907.html#a0005,"World, for All Other Crimes?",poem,Harry Kemp,author,,,,,,,,blm
ls191907a0007,ls191907,liv,26,26,html/ls191907.html#a0006,A Dream of Heaven,poem,Morgan Ireland,author,,,,,,,,blm
ls191907a0008,ls191907,liv,27,31,html/ls191907.html#a0007,Studies in Saffron,serial,Thomas Grant Springer,author,,,,,,,,blm
ls191907a0009,ls191907,liv,32,32,html/ls191907.html#a0008,The Return,poem,Harrison Dowd,author,,,,,,,,blm
ls191907a0010,ls191907,liv,33,43,html/ls191907.html#a0009,Illusions,story,Roger Hartman,author,,,,,,,,blm
ls191907a0011,ls191907,liv,44,44,html/ls191907.html#a0010,After Renunication,poem,Anna Spencer Twitchell,author,,,,,,,,blm
ls191907a0012,ls191907,liv,45,45,html/ls191907.html#a0011,Envy--A New Poison,misc,Cleveland Moffett,author,,,,,,,,blm
ls191907a0013,ls191907,liv,46,46,html/ls191907.html#a0012,The Time for Dreams,poem,L. M. Thornton,author,,,,,,,,blm
ls191907a0014,ls191907,liv,47,55,html/ls191907.html#a0013,Three Old Men (Souvenir de Guerre),story,Robert W. Sneddon,author,,,,,,,,blm
ls191907a0015,ls191907,liv,56,56,html/ls191907.html#a0014,Any Depot Platform in Any Dry State,poem,F. R. Odle,author,,,,,,,,blm
ls191907a0016,ls191907,liv,57,59,html/ls191907.html#a0015,Alice-Sit-by-the-Radiator,story,Edwin Justus Mayer,author,,,,,,,,blm
ls191907a0017,ls191907,liv,60,60,html/ls191907.html#a0016,Someday,poem,Marvin Luter Hill,author,,,,,,,,blm
ls191907a0018,ls191907,liv,61,81,html/ls191907.html#a0017,Your Job Will Be Waiting When You Get Back,novel,Ferdinand,author,,,,,,,,blm
ls191907a0019,ls191907,liv,82,82,html/ls191907.html#a0018,Conventional,poem,Frederick Moxon,author,,,,,,,,blm
ls191907a0020,ls191907,liv,83,94,html/ls191907.html#a0019,The Long Arm in the Clearing,story,Robert Shirley,author,,,,,,,,blm
ls191907a0021,ls191907,liv,95,95,html/ls191907.html#a0020,A Laureate,poem,Clinton Scollard,author,,,,,,,,blm
ls191907a0022,ls191907,liv,96,101,html/ls191907.html#a0021,Carlotta Advises,story,Florence Baier,author,,,,,,,,blm
ls191907a0023,ls191907,liv,102,102,html/ls191907.html#a0022,Prodigal,poem,Edgar Daniel Kramer,author,,,,,,,,blm
ls191907a0024,ls191907,liv,103,103,html/ls191907.html#a0023,The Live Book for July,review,[S. W.],author,,,,,,,,blm
ls191907a0025,ls191907,liv,104,104,html/ls191907.html#a0024,The Bloom in the Leaves,poem,Aloysius Coll,author,,,,,,,,blm
ls191907a0026,ls191907,liv,105,108,html/ls191907.html#a0025,The Silver Lining,misc,Sam S. Stinson,author,,,,,,,,blm
ls191907a0027,ls191907,liv,109,113,html/ls191907.html#a0026,The Mummers World,review,W. Carey Wenderly,author,,,,,,,,blm
ls191907a0028,ls191907,liv,114,124,html/ls191907.html#a0027,White Treasure,serial,Cyrus Townsend Brady,author,,,,,,,,blm
ls191907a0029,ls191907,liv,125,125,html/ls191907.html#a0028,Gray Walls,poem,Mary Mosell,author,,,,,,,,blm
ls191907a0030,ls191907,liv,126,126,html/ls191907.html#a0029,Live Stories and the Golden Key,misc,[Anon.],author,,,,,,,,blm
lsm19340310a0000,lsm19340310,lsm,0,0,html/lsm19340310.html,Cover Design,illustration,Modest Stein,illustrator,,,,,,,,blm
lsm19340310a0001,lsm19340310,lsm,5,21,html/lsm19340310.html#a0001,Extra Sheer,story,Myra Gay,author,,,,,,,,blm
lsm19340310a0002,lsm19340310,lsm,22,22,html/lsm19340310.html#a0002,Moon's Surety,poem,Emma Upton Vaughan,author,,,,,,,,blm
lsm19340310a0003,lsm19340310,lsm,23,36,html/lsm19340310.html#a0003,Going Primitive,story,Marie Hoyt,author,,,,,,,,blm
lsm19340310a0004,lsm19340310,lsm,37,37,html/lsm19340310.html#a0004,Note to Lovers,poem,Bert Cooksley,author,,,,,,,,blm
lsm19340310a0005,lsm19340310,lsm,38,59,html/lsm19340310.html#a0005,Reckless Bride,serial,Peggy Rutherford,author,,,,,,,,blm
lsm19340310a0006,lsm19340310,lsm,60,73,html/lsm19340310.html#a0006,The Love Pawn,story,Hortense McRaven,author,,,,,,,,blm
lsm19340310a0007,lsm19340310,lsm,74,74,html/lsm19340310.html#a0007,Plighted Troth,poem,Frances I. Shinn,author,,,,,,,,blm
lsm19340310a0008,lsm19340310,lsm,75,85,html/lsm19340310.html#a0008,First Payment on Paradise,story,Winifred Wadell,author,,,,,,,,blm
lsm19340310a0009,lsm19340310,lsm,86,99,html/lsm19340310.html#a0009,Cause for Divorce,story,Jessie Reynolds,author,,,,,,,,blm
lsm19340310a0010,lsm19340310,lsm,100,100,html/lsm19340310.html#a0010,Stars,poem,A. Leslie,author,,,,,,,,blm
lsm19340310a0011,lsm19340310,lsm,101,107,html/lsm19340310.html#a0011,Day of Awakening,story,Dorothy Ainsworth,author,,,,,,,,blm
lsm19340310a0012,lsm19340310,lsm,108,131,html/lsm19340310.html#a0012,Little and Lovely,serial,Vivian Grey,author,,,,,,,,blm
lsm19340310a0013,lsm19340310,lsm,132,140,html/lsm19340310.html#a0013,Two in Love,story,Dorothy Cox Hesse,author,,,,,,,,blm
lsm19340310a0014,lsm19340310,lsm,141,143,html/lsm19340310.html#a0014,Your Stars and You,column,Kai,author,,,,,,,,blm
lsm19340310a0015,lsm19340310,lsm,144,147,html/lsm19340310.html#a0015,Taurus Husband,misc,[Anon.],author,,,,,,,,blm
lsm19340310a0016,lsm19340310,lsm,148,154,html/lsm19340310.html#a0016,The Friendliest Corner,column,Mary Morris,author,,,,,,,,blm
lsm19340310a0017,lsm19340310,lsm,155,168,html/lsm19340310.html#a0017,The Friend in Need,column,Laura Alston Brown,author,,,,,,,,blm
lsm19341020a0000,lsm19341020,lsm,0,0,html/lsm19341020.html,Cover Design,illustration,Modest Stein,illustrator,,,,,,,,blm
lsm19341020a0001,lsm19341020,lsm,9,9,html/lsm19341020.html#a0001,Secret Fires,poem,Franklin Pierce Carrigan,author,,,,,,,,blm
lsm19341020a0002,lsm19341020,lsm,10,10,html/lsm19341020.html#a0002,Thrill Chaser,story,Mary Ann de Forest,author,,,,,,,,blm
lsm19341020a0003,lsm19341020,lsm,11,25,html/lsm19341020.html#a0003,Renascence,poem,Lenore Fisher,author,,,,,,,,blm
lsm19341020a0004,lsm19341020,lsm,26,38,html/lsm19341020.html#a0004,Cornflower Blue,story,Phyllis A. Whitney,author,,,,,,,,blm
lsm19341020a0005,lsm19341020,lsm,39,55,html/lsm19341020.html#a0005,Forgotten Bride,serial,Cordelia Snow,author,,,,,,,,blm
lsm19341020a0006,lsm19341020,lsm,56,66,html/lsm19341020.html#a0006,Fires of Love,story,Patricia Ellsworth,author,,,,,,,,blm
lsm19341020a0007,lsm19341020,lsm,67,73,html/lsm19341020.html#a0007,Tender Arms,story,Eden Phillips,author,,,,,,,,blm
lsm19341020a0008,lsm19341020,lsm,74,74,html/lsm19341020.html#a0008,The Gift,poem,Charles Bancroft,author,,,,,,,,blm
lsm19341020a0009,lsm19341020,lsm,75,91,html/lsm19341020.html#a0009,The Silver Duke,story,Beth Farrell,author,,,,,,,,blm
lsm19341020a0010,lsm19341020,lsm,92,103,html/lsm19341020.html#a0010,The Fourth Proposal,story,Mona Morrow,author,,,,,,,,blm
lsm19341020a0011,lsm19341020,lsm,104,119,html/lsm19341020.html#a0011,Strand of Gold,serial,Helen Addison,author,,,,,,,,blm
lsm19341020a0012,lsm19341020,lsm,120,120,html/lsm19341020.html#a0012,My Beautiful Dream,poem,Edgar Daniel Kramer,author,,,,,,,,blm
lsm19341020a0013,lsm19341020,lsm,121,128,html/lsm19341020.html#a0013,Her Great Moment,story,Floria Howe Bruess,author,,,,,,,,blm
lsm19341020a0014,lsm19341020,lsm,129,129,html/lsm19341020.html#a0014,You,poem,Bert Cooksley,author,,,,,,,,blm
lsm19341020a0015,lsm19341020,lsm,130,137,html/lsm19341020.html#a0015,Office Scandal,story,Marie McGookey,author,,,,,,,,blm
lsm19341020a0016,lsm19341020,lsm,138,143,html/lsm19341020.html#a0016,Your Stars and You,column,Kai,author,,,,,,,,blm
lsm19341020a0017,lsm19341020,lsm,144,150,html/lsm19341020.html#a0017,The Friendliest Corner,column,Mary Morris,author,,,,,,,,blm
lsm19341020a0018,lsm19341020,lsm,151,160,html/lsm19341020.html#a0018,The Friend in Need,column,Laura Alston Brown,author,,,,,,,,blm
lsm19350330a0001,lsm19350330,lsm,10,22,html/lsm19350330.html#a0001,Two in a Fog,story,Gerry Ann Hale,author,,,,,,,,blm
lsm19350330a0002,lsm19350330,lsm,23,23,html/lsm19350330.html#a0002,Winter Sale,poem,Bert Cooksley,author,,,,,,,,blm
lsm19350330a0003,lsm19350330,lsm,24,36,html/lsm19350330.html#a0003,Young and Beautiful,story,Jo Franklin,author,,,,,,,,blm
lsm19350330a0004,lsm19350330,lsm,37,52,html/lsm19350330.html#a0004,Midnight Madness,serial,Joan King,author,,,,,,,,blm
lsm19350330a0005,lsm19350330,lsm,53,53,html/lsm19350330.html#a0005,Enchanted Garden,poem,Franklin Pierce Carrigan,author,,,,,,,,blm
lsm19350330a0006,lsm19350330,lsm,54,63,html/lsm19350330.html#a0006,Borrowed Man,story,Jesse F. Gelders,author,,,,,,,,blm
lsm19350330a0007,lsm19350330,lsm,64,77,html/lsm19350330.html#a0007,Orchid Girl,story,Paula Rockwell,author,,,,,,,,blm
lsm19350330a0008,lsm19350330,lsm,78,91,html/lsm19350330.html#a0008,Heartless Flirt,story,Ives Tudor,author,,,,,,,,dim
lsm19350330a0009,lsm19350330,lsm,92,92,html/lsm19350330.html#a0009,Love,story,Elfrida Norden,author,,,,,,,,dim
lsm19350330a0010,lsm19350330,lsm,93,106,html/lsm19350330.html#a0010,Violet Eyes,story,Ethel Le Compte,author,,,,,,,,dim
lsm19350330a0011,lsm19350330,lsm,107,123,html/lsm19350330.html#a0011,Primitive Love,serial,Cordelia Snow,author,,,,,,,,dim
lsm19350330a0012,lsm19350330,lsm,124,124,html/lsm19350330.html#a0012,Coquette,poem,Doris I. Bateman,author,,,,,,,,dim
lsm19350330a0013,lsm19350330,lsm,125,134,html/lsm19350330.html#a0013,Musical Proposal,story,Leslie Gordon Barnard,author,,,,,,,,dim
lsm19350330a0014,lsm19350330,lsm,135,140,html/lsm19350330.html#a0014,Your Stars and You,column,Kai,author,,,,,,,,dim
lsm19350330a0015,lsm19350330,lsm,141,147,html/lsm19350330.html#a0015,The Friendliest Corner,column,Mary Morris,author,,,,,,,,dim
lsm19350330a0016,lsm19350330,lsm,148,160,html/lsm19350330.html#a0016,The Friend in Need,column,Laura Alston Brown,author,,,,,,,,dim
nlt1940wina0000,nlt1940win,nlt,0,0,html/nlt1940win.html,Cover Design,illustration,Faustin,illustrator,,,,,,,,dim
nlt1940wina0001,nlt1940win,nlt,2,8,html/nlt1940win.html#a0001,Gypsy Sal,story,Mary Brown,author,,,,,,,,dsm
nlt1940wina0002,nlt1940win,nlt,9,16,html/nlt1940win.html#a0002,Art Models,feature,[Anon.],author,,,,,,,,dsm
nlt1940wina0003,nlt1940win,nlt,17,23,html/nlt1940win.html#a0003,Scrambled Yeggs,story,Art Nunce,author,,,,,,,,dsm
nlt1940wina0004,nlt1940win,nlt,24,24,html/nlt1940win.html#a0004,Laugh and We'll Laugh with You,misc,[Anon.],author,,,,,,,,dsm
rr19330901a0001,rr19330901,ran,5,52,html/rr19330901.html#a0001,HERITAGE OF THE DESERT,novel,L. P. Holmes,author,,,,,,,,dsm
rr19330901a0002,rr19330901,ran,53,63,html/rr19330901.html#a0002,A STRANGE TRAIL,story,Clinton Dangerfield,author,,,,,,,,dsm
rr19330901a0003,rr19330901,ran,64,64,html/rr19330901.html#a0003,THE PUNCHER'S SLOGAN,poem,S. Omar Barker,author,,,,,,,,dsm
rr19330901a0004,rr19330901,ran,65,72,html/rr19330901.html#a0004,THE GIRL AND THE GUITAR,story,C. Wiles Hallock,author,,,,,,,,dsm
rr19330901a0005,rr19330901,ran,73,80,html/rr19330901.html#a0005,A SONG ON THE TRAIL,story,Elsa Barker,author,,,,,,,,dsm
rr19330901a0006,rr19330901,ran,81,91,html/rr19330901.html#a0006,EIGHT SPOT,story,Kingsley Moses,author,,,,,,,,dsm
rr19330901a0007,rr19330901,ran,92,100,html/rr19330901.html#a0007,THE VALLEY OF DISPUTE,story,Eric Howard,author,,,,,,,,dsm
rr19330901a0008,rr19330901,ran,101,112,html/rr19330901.html#a0008,PHANTOM GUNMAN,story,John Johnson,author,,,,,,,,dsm
rr19330901a0009,rr19330901,ran,113,124,html/rr19330901.html#a0009,"SHOW 'EM, COWBOY!",story,Myrtle Juliette Corey,author,,,,,,,,dsm
rr19330901a0010,rr19330901,ran,125,152,html/rr19330901.html#a0010,FIRE FRENZY,serial,Marie de Nervaud,author,,,,,,,,dsm
rr19330901a0011,rr19330901,ran,153,153,html/rr19330901.html#a0011,TRAIL'S END,misc,Fanny Ellsworth,author,,,,,,,,dsm
rr19330901a0012,rr19330901,ran,154,159,html/rr19330901.html#a0012,OUR AIR MAIL,letters,The Readers,author,,,,,,,,dsm
rr19330901a0013,rr19330901,ran,160,160,html/rr19330901.html#a0013,WHOM SHALL I MARRY?,misc,Professor Marcus Mari,author,,,,,,,,dsm
rr19430301a0001,rr19430301,ran,4,50,html/rr19430301.html#a0001,CANYONS OF THE NIGHT,novel,Robert Dale Denver,author,,,,,,,,dsm
rr19430301a0002,rr19430301,ran,51,59,html/rr19430301.html#a0002,GHOST TOWN LADY,story,Eric Howard,author,,,,,,,,dsm
rr19430301a0003,rr19430301,ran,60,69,html/rr19430301.html#a0003,POKER WINNINGS,story,Austin Corcoran,author,,,,,,,,dsm
rr19430301a0004,rr19430301,ran,70,86,html/rr19430301.html#a0004,MAN FROM BLUE RIVER,story,Marian O'Hearn,author,,,,,,,,dsm
rr19430301a0005,rr19430301,ran,87,96,html/rr19430301.html#a0005,LOVE IS THE LOOT,story,Cliff Walters,author,,,,,,,,dsm
rr19430301a0006,rr19430301,ran,97,97,html/rr19430301.html#a0006,STARS OF THE ARENA,feature,[Anon.],author,,,,,,,,dsm
rr19430301a0007,rr19430301,ran,98,103,html/rr19430301.html#a0007,JUDY OF THE CIRCLE BAR,story,Stephen Payne,author,,,,,,,,dsm
rr19430301a0008,rr19430301,ran,104,113,html/rr19430301.html#a0008,SKYLINE TRAIL,story,L. Lindley Mulkey,author,,,,,,,,dsm
rr19430301a0009,rr19430301,ran,114,115,html/rr19430301.html#a0009,COWBOY LORE,illustration,Walt Mead,author,,,,,,,,dsm
rr19430301a0010,rr19430301,ran,116,133,html/rr19430301.html#a0010,WYOMING SENORITA,serial,Marie de Nervaud,author,,,,,,,,dsm
rr19430301a0011,rr19430301,ran,134,135,html/rr19430301.html#a0011,OUT OF THE CHUTES,column,Tex Sherman,author,,,,,,,,dsm
rr19430301a0012,rr19430301,ran,136,137,html/rr19430301.html#a0012,RANCH ROMANCES' AMATEUR PAGE,letters,The Readers,author,,,,,,,,dsm
rr19430301a0013,rr19430301,ran,138,140,html/rr19430301.html#a0013,OUR AIR MAIL,letters,The Readers,author,,,,,,,,dsm
rr19430301a0014,rr19430301,ran,141,141,html/rr19430301.html#a0014,TRAIL'S END ROLL CALL,misc,Fanny Ellsworth,author,,,,,,,,dsm
rr19430301a0015,rr19430301,ran,142,142,html/rr19430301.html#a0015,THE WESTERNERS' CROSSWORD PUZZLE,misc,[Anon.],author,,,,,,,,dsm
rr19430301a0016,rr19430301,ran,143,144,html/rr19430301.html#a0016,WHOM SHALL I MARRY?,misc,Professor Marcus Mari,author,,,,,,,,dsm
rr19440211a0001,rr19440211,ran,4,38,html/rr19440211.html#a0001,MISDEAL,novel,Elsa Barker,author,,,,,,,,dsm
rr19440211a0002,rr19440211,ran,39,47,html/rr19440211.html#a0002,A DAY OF RECKONING,story,Dorothy L. Bonar,author,,,,,,,,dsm
rr19440211a0003,rr19440211,ran,48,55,html/rr19440211.html#a0003,DOUBLE TROUBLE,story,Richard Worthington,author,,,,,,,,dsm
rr19440211a0004,rr19440211,ran,56,74,html/rr19440211.html#a0004,THE MAN WHO COULDN'T MISS,novel,Paul Evan Lehman,author,,,,,,,,dsm
rr19440211a0005,rr19440211,ran,75,82,html/rr19440211.html#a0005,DUCK SOUP,story,Lulita Crawford Pritchett,author,,,,,,,,dsm
rr19440211a0006,rr19440211,ran,83,90,html/rr19440211.html#a0006,VALENTINE VENGEANCE,story,Lucretia Whitehead Payne,author,,,,,,,,dsm
rr19440211a0007,rr19440211,ran,91,95,html/rr19440211.html#a0007,MUSTANGS WHITE AND BLACK,story,J. Frank Dobie,author,,,,,,,,dsm
rr19440211a0008,rr19440211,ran,96,118,html/rr19440211.html#a0008,LOBO LAW,serial,L. Ernenwein,author,,,,,,,,dsm
rr19440211a0009,rr19440211,ran,119,119,html/rr19440211.html#a0009,TRAIL'S END ROLL CALL,misc,Fanny Ellsworth,author,,,,,,,,dsm
rr19440211a0010,rr19440211,ran,120,121,html/rr19440211.html#a0010,OUT OF THE CHUTES,column,Tex Sherman,author,,,,,,,,dsm
rr19440211a0011,rr19440211,ran,122,123,html/rr19440211.html#a0011,RANCH ROMANCES' AMATEUR PAGE,letters,The Readers,author,,,,,,,,dsm
rr19440211a0012,rr19440211,ran,124,125,html/rr19440211.html#a0012,OUR AIR MAIL,letters,The Readers,author,,,,,,,,dsm
rr19440211a0013,rr19440211,ran,126,126,html/rr19440211.html#a0013,THE WESTERNERS' CROSSWORD PUZZLE,misc,[Anon.],author,,,,,,,,dsm
rr19440211a0014,rr19440211,ran,127,127,html/rr19440211.html#a0014,WHOM SHALL I MARRY?,misc,Professor Marcus Mari,author,,,,,,,,dsm
scs191905a0001,scs191905,sau,3,34,html/scs191905.html#a0001,LOVE IN THE JUNGLE,novel,May Freud Dickenson,author,,,,,,,,ico
scs191905a0002,scs191905,sau,35,35,html/scs191905.html#a0002,TRAGEDY,poem,Frederick Moxon,author,,,,,,,,ico
scs191905a0003,scs191905,sau,36,36,html/scs191905.html#a0003,REFLECTIONS OF A VAMPIRE,short,June Gibson,author,,,,,,,,ico
scs191905a0004,scs191905,sau,37,39,html/scs191905.html#a0004,LIMBERING UP EBENEZER,story,Harry Irving Shuroway,author,,,,,,,,ico
scs191905a0005,scs191905,sau,40,40,html/scs191905.html#a0005,DESIRE,poem,Hale Merriman,author,,,,,,,,ico
scs191905a0006,scs191905,sau,41,46,html/scs191905.html#a0006,THE GREEN HAT,story,V. Omar Whitehead,author,,,,,,,,ico
scs191905a0007,scs191905,sau,47,50,html/scs191905.html#a0007,WHOSE WAS THE HAND?,story,Francis Harmer,author,,,,,,,,ico
scs191905a0008,scs191905,sau,51,60,html/scs191905.html#a0008,SHE HAD TO PLAY THE LEAD,serial,William Grenvil,author,,,,,,,,ico
scs191905a0009,scs191905,sau,61,62,html/scs191905.html#a0009,THE STING OF VICTORY,story,Paul Vernier,author,,,,,,,,ico
scs191905a0010,scs191905,sau,63,63,html/scs191905.html#a0010,DO YOU KNOW?,poem,Arthur Bowie Chrisman,author,,,,,,,,ico
scs191905a0011,scs191905,sau,64,64,html/scs191905.html#a0011,EXCUSES WE HAVE NEVER HEARD,misc,Otis C. Little,author,,,,,,,,ico
scs191905a0012,scs191905,sau,64,64,html/scs191905.html#a0012,WHAT LITTLE GIRLS WERE MADE FOR,poem,H. Thompson Rich,author,,,,,,,,ico
scs191905a0013,scs191905,sau,65,71,html/scs191905.html#a0013,TILL DEATH US DO PART,play,Hilliard Booth,author,,,,,,,,ico
scs191905a0014,scs191905,sau,72,72,html/scs191905.html#a0014,VERSE (A la Alice),poem,Murray Leinster,author,,,,,,,,ico
scs191905a0015,scs191905,sau,73,77,html/scs191905.html#a0015,WHEN FATHER FORBIDS,story,Thomas Edgelow,author,,,,,,,,liv
scs191905a0016,scs191905,sau,78,78,html/scs191905.html#a0016,MAY,poem,J. R. McCarthy,author,,,,,,,,liv
scs191905a0017,scs191905,sau,79,83,html/scs191905.html#a0017,HATS,story,Frank Dorrance Hopley,author,,,,,,,,liv
scs191905a0018,scs191905,sau,84,84,html/scs191905.html#a0018,THE DAYS OF OLD,poem,Hale Merriman,author,,,,,,,,liv
scs191905a0019,scs191905,sau,85,96,html/scs191905.html#a0019,LONELY HEART,story,"Harry C. Hervey, Jr.",author,,,,,,,,liv
scs191905a0020,scs191905,sau,97,97,html/scs191905.html#a0020,MEN,poem,Viola Brothers Shore,author,,,,,,,,liv
scs191905a0021,scs191905,sau,98,98,html/scs191905.html#a0021,THE THINGS A WOMAN CAN DO,misc,Karl W. Kessler,author,,,,,,,,liv
scs191905a0022,scs191905,sau,99,105,html/scs191905.html#a0022,THE LAST JOB,story,Harold de Polo,author,,,,,,,,liv
scs191905a0023,scs191905,sau,106,106,html/scs191905.html#a0023,A WAR MEMORY,poem,Frederick Moxon,author,,,,,,,,liv
scs191905a0024,scs191905,sau,107,115,html/scs191905.html#a0024,THE COMET AND THE STAR,story,Louise Winter,author,,,,,,,,liv
scs191905a0025,scs191905,sau,116,116,html/scs191905.html#a0025,O WOMAN! WOMAN!,misc,M. A. Hitchcock,author,,,,,,,,liv
scs191905a0026,scs191905,sau,117,119,html/scs191905.html#a0026,THE FOOL,story,Charles Woodstock,author,,,,,,,,liv
scs191905a0027,scs191905,sau,120,120,html/scs191905.html#a0027,MY FRIEND,misc,Karl R. Coolidge,author,,,,,,,,liv
scs191905a0028,scs191905,sau,121,121,html/scs191905.html#a0028,HER HORRIBLE REVENGE,story,Terrell Love Holliday,author,,,,,,,,liv
scs191905a0029,scs191905,sau,122,122,html/scs191905.html#a0029,EXPLANATION,poem,Virginia Biddle,author,,,,,,,,liv
scs191905a0030,scs191905,sau,123,132,html/scs191905.html#a0030,MOTION PICTURE DEPARTMENT,review,Alice Glenister,author,,,,,,,,liv
scs19220801a0001,scs19220801,sau,2,2,html/scs19220801.html#a0001,FOUR O'CLOCK,poem,Leslie Nelson Jennings,author,,,,,,,,liv
scs19220801a0002,scs19220801,sau,3,16,html/scs19220801.html#a0002,NO PLACE FOR HUSBANDS,novel,Russell Holman,author,,,,,,,,liv
scs19220801a0003,scs19220801,sau,17,25,html/scs19220801.html#a0003,THE FLAPPER FOOLS THEM,story,Philip Somers,author,,,,,,,,liv
scs19220801a0004,scs19220801,sau,26,26,html/scs19220801.html#a0004,IT LOOKED THAT WAY,short,Harry Irving Shumway,author,,,,,,,,liv
scs19220801a0005,scs19220801,sau,27,34,html/scs19220801.html#a0005,THE CALL FOR HELP,story,Crosby George,author,,,,,,,,liv
scs19220801a0006,scs19220801,sau,35,41,html/scs19220801.html#a0006,A DEAD MAN'S BUSINESS,story,Dixie Willson,author,,,,,,,,liv
scs19220801a0007,scs19220801,sau,42,42,html/scs19220801.html#a0007,CHECKED!,poem,Irving Kenwood,author,,,,,,,,liv
scs19220801a0008,scs19220801,sau,43,61,html/scs19220801.html#a0008,THE HOUSE OF THE MISSING,serial,Sinclair Gluck,author,,,,,,,,liv
scs19220801a0009,scs19220801,sau,62,62,html/scs19220801.html#a0009,A REVOLTING DEED,poem,Elmer J. Williams,author,,,,,,,,liv
scs19220801a0010,scs19220801,sau,63,72,html/scs19220801.html#a0010,SHE WHO HESITATES,story,Dorothy Thomson,author,,,,,,,,liv
scs19220801a0011,scs19220801,sau,73,81,html/scs19220801.html#a0011,A ROGUE IN LOVE,story,W. Carey Wonderly,author,,,,,,,,liv
scs19220801a0012,scs19220801,sau,82,82,html/scs19220801.html#a0012,HEARTBREAK,poem,Dorothy Dow,author,,,,,,,,liv
scs19220801a0013,scs19220801,sau,83,94,html/scs19220801.html#a0013,THE RADIO ROADSTER,story,Howard Rockey,author,,,,,,,,liv
scs19220801a0014,scs19220801,sau,95,105,html/scs19220801.html#a0014,"HER FRIEND, THE BURGLAR",story,Parker Howard,author,,,,,,,,liv
scs19220801a0015,scs19220801,sau,106,106,html/scs19220801.html#a0015,ACTORS AMUSE ME,poem,Charles G. Shaw,author,,,,,,,,liv
scs19220801a0016,scs19220801,sau,107,116,html/scs19220801.html#a0016,THE DIMPLED DUMB-BELL,story,Helen Hysell,author,,,,,,,,liv
scs19220801a0017,scs19220801,sau,117,122,html/scs19220801.html#a0017,THE LOST HEIRESS,story,Roger Wade,author,,,,,,,,liv
scs19220801a0018,scs19220801,sau,123,128,html/scs19220801.html#a0018,SAUCY SHOTS FROM STUDIOS,solumn,Dorothy Donnell Calhoun,author,,,,,,,,liv
smart191912a0001,smart191912,sma,1,1,html/smart191912.html#a0001,"CHRISTIAN, PAGAN AND ICONOCLAST",misc,Gorham B. Munson,author,,,,,,,,liv
smart191912a0002,smart191912,sma,2,2,html/smart191912.html#a0002,TELEGRAMS,misc,Agnes Miller,author,,,,,,,,liv
smart191912a0003,smart191912,sma,2,2,html/smart191912.html#a0003,WITCH-FIRE,poem,George Sterling,author,,,,,,,,liv
smart191912a0004,smart191912,sma,3,40,html/smart191912.html#a0004,WHAT IS ISN'T,novel,Charles Stokes Wayne,author,,,,,,,,liv
smart191912a0005,smart191912,sma,41,42,html/smart191912.html#a0005,EAST AND WEST,story,Lord Dunsany,author,,,,,,,,liv
smart191912a0006,smart191912,sma,43,50,html/smart191912.html#a0006,TWILIGHT OF LOVE,story,L. M. Hussey,author,,,,,,,,liv
smart191912a0007,smart191912,sma,51,51,html/smart191912.html#a0007,THE ALPINE WANDERERS,short,Florence Wilkinson,author,,,,,,,,liv
smart191912a0008,smart191912,sma,52,52,html/smart191912.html#a0008,TWO DREAMS DWELL IN HER EYES,poem,Mary Carolyn Davies,author,,,,,,,,liv
smart191912a0009,smart191912,sma,53,55,html/smart191912.html#a0009,ON RECEIVING A LUNCHEON INVITATION,story,Laura Kent Mason,author,,,,,,,,liv
smart191912a0010,smart191912,sma,56,56,html/smart191912.html#a0010,THEY SHALL KNOW,poem,Harold Cook,author,,,,,,,,liv
smart191912a0011,smart191912,sma,57,63,html/smart191912.html#a0011,THE DAWN,story,John C. Cavendish,author,,,,,,,,liv
smart191912a0012,smart191912,sma,64,64,html/smart191912.html#a0012,THE POWER OF LOVE,misc,Winthrop Parkhurst,author,,,,,,,,liv
smart191912a0013,smart191912,sma,64,64,html/smart191912.html#a0013,MY LIFE IS GLAD,poem,Harry Kemp,author,,,,,,,,liv
smart191912a0014,smart191912,sma,65,71,html/smart191912.html#a0014,REPETITION GENERALE,column,George Jean Nathan and H.L. Mencken,author,,,,,,,,liv
smart191912a0015,smart191912,sma,72,72,html/smart191912.html#a0015,BURNING LEAVES,poem,George O'Neil,author,,,,,,,,liv
smart191912a0016,smart191912,sma,73,74,html/smart191912.html#a0016,THE NEGLIGIBLE ONES,story,Mifflin Crane,author,,,,,,,,liv
smart191912a0017,smart191912,sma,75,81,html/smart191912.html#a0017,LOST LOVE,story,Morris Dallett,author,,,,,,,,liv
smart191912a0018,smart191912,sma,82,82,html/smart191912.html#a0018,HEREDITY,misc,T. F. Mitchell,author,,,,,,,,liv
smart191912a0019,smart191912,sma,82,82,html/smart191912.html#a0019,NOCTURNE,poem,Jean Allen,author,,,,,,,,liv
smart191912a0020,smart191912,sma,83,87,html/smart191912.html#a0020,THE BEANSTALK,play,John Chapin Mosher,author,,,,,,,,liv
smart191912a0021,smart191912,sma,88,88,html/smart191912.html#a0021,DUSK,poem,Irmengarde Eberle,author,,,,,,,,liv
smart191912a0022,smart191912,sma,89,98,html/smart191912.html#a0022,TWO GENTLEMEN OF CARACAS,story,L. M. Hussey,author,,,,,,,,liv
smart191912a0023,smart191912,sma,99,100,html/smart191912.html#a0023,THE YEARS AHEAD,story,Muna Lee,author,,,,,,,,liv
smart191912a0024,smart191912,sma,101,101,html/smart191912.html#a0024,LINES WRITTEN ON A DAY OF DOUBT,poem,Virginie Griffiths,author,,,,,,,,lsm
smart191912a0025,smart191912,sma,102,102,html/smart191912.html#a0025,ON WINTER NIGHTS,poem,John McClure,author,,,,,,,,lsm
smart191912a0026,smart191912,sma,103,114,html/smart191912.html#a0026,AUNT IDA,story,Thyra Samter Winslow,author,,,,,,,,lsm
smart191912a0027,smart191912,sma,115,115,html/smart191912.html#a0027,RATTLESNAKE MOUNTAIN FABLE,poem,Maxwell Bodenheim,author,,,,,,,,lsm
smart191912a0028,smart191912,sma,116,118,html/smart191912.html#a0028,HEAVENLY SOPHISTS,story,Maurice Lazar,author,,,,,,,,lsm
smart191912a0029,smart191912,sma,119,125,html/smart191912.html#a0029,THE OCTOGENARIAN,story,C. Farley Anderson,author,,,,,,,,lsm
smart191912a0030,smart191912,sma,126,128,html/smart191912.html#a0030,A JEST IN THE HOUSEHOLD,story,Mlines Levick,author,,,,,,,,lsm
smart191912a0031,smart191912,sma,129,130,html/smart191912.html#a0031,LE CAS DE M. PATERNE (in the French),story,Henri Allorge,author,,,,,,,,lsm
smart191912a0032,smart191912,sma,131,137,html/smart191912.html#a0032,CRITICISM AT A GALLOP,review,George Jean Nathan,author,,,,,,,,lsm
smart191912a0033,smart191912,sma,138,144,html/smart191912.html#a0033,EXEUNT OMNES,review,H.L. Mencken,author,,,,,,,,lsm
wt19360809a0000,wt19360809,wei,0,0,html/wt19360809.html,Cover Design,illustration,M. Brundage,illustrator,,,,,,,,lsm
wt19360809a0001,wt19360809,wei,130,152,html/wt19360809.html#a0001,The Door into Infinity,novel,Edmond Hamilton,author,,,,,,,,lsm
wt19360809a0002,wt19360809,wei,153,153,html/wt19360809.html#a0002,Lycanthropus,poem,C. Edgar Bolen,author,,,,,,,,lsm
wt19360809a0003,wt19360809,wei,154,172,html/wt19360809.html#a0003,Mask of Death,novel,Paul Ernst,author,,,,,,,,lsm
wt19360809a0004,wt19360809,wei,173,193,html/wt19360809.html#a0004,Werewolf of the Sahara,novel,G. G. Pendarves,author,,,,,,,,lsm
wt19360809a0005,wt19360809,wei,194,204,html/wt19360809.html#a0005,The Medici Boots,story,Pearl Norton Swet,author,,,,,,,,lsm
wt19360809a0006,wt19360809,wei,205,220,html/wt19360809.html#a0006,Red Nails,serial,Robert E. Howard,author,,,,,,,,lsm
wt19360809a0007,wt19360809,wei,221,221,html/wt19360809.html#a0007,Swamp Demons,poem,C. A. Butz,author,,,,,,,,lsm
wt19360809a0008,wt19360809,wei,222,232,html/wt19360809.html#a0008,Death Holds the Post,story,"August W. Derleth, Mark Schorer",author,,,,,,,,lsm
wt19360809a0009,wt19360809,wei,233,235,html/wt19360809.html#a0009,The Diary of Philip Westerly,story,Paul Compton,author,,,,,,,,lsm
wt19360809a0010,wt19360809,wei,236,239,html/wt19360809.html#a0010,In the Dark,story,Ronal Kayser,author,,,,,,,,lsm
wt19360809a0011,wt19360809,wei,240,249,html/wt19360809.html#a0011,Four Wooden Stakes,story,Victor Rowan,author,,,,,,,,lsm
wt19360809a0012,wt19360809,wei,250,256,html/wt19360809.html#a0012,The Eyrie,letters,Farnsworth Wright,editor,,,,,,,,lsm
wt193610a0000,wt193610,wei,0,0,html/wt193610.html,Cover Design,illustration,J. Allen St. John,illustrator,,,,,,,,lsm
wt193610a0001,wt193610,wei,259,275,html/wt193610.html#a0001,Isle of the Undead,novel,Lloyd Arthur Eshbach,author,,,,,,,,lsm
wt193610a0002,wt193610,wei,276,276,html/wt193610.html#a0002,The Lost Temples of Xantoos,poem,Howell Calhoun,author,,,,,,,,lsm
wt193610a0003,wt193610,wei,277,287,html/wt193610.html#a0003,The Opener of the Way,story,Robert Bloch,author,,,,,,,,lsm
wt193610a0004,wt193610,wei,288,288,html/wt193610.html#a0004,Witch-Burning,poem,Mary Elizabeth Counselman,author,,,,,,,,lsm
wt193610a0005,wt193610,wei,289,303,html/wt193610.html#a0005,The Lost Door,novel,Dorothy Quick,author,,,,,,,,lsm
wt193610a0006,wt193610,wei,304,314,html/wt193610.html#a0006,Doom of the House Duryea,story,"Earl Peirce, Jr.",author,,,,,,,,lsm
wt193610a0007,wt193610,wei,315,333,html/wt193610.html#a0007,The Tree of Life,novel,C. L. Moore,author,,,,,,,,lsm
wt193610a0008,wt193610,wei,334,352,html/wt193610.html#a0008,Red Nails,serial,Robert E. Howard,author,,,,,,,,lsm
wt193610a0009,wt193610,wei,353,353,html/wt193610.html#a0009,R. E. H.,poem,R. H. Barlow,author,,,,,,,,lsm
wt193610a0010,wt193610,wei,354,360,html/wt193610.html#a0010,The Doors of Death,story,Arthur B. Waltermire,author,,,,,,,,lsm
wt193610a0011,wt193610,wei,361,365,html/wt193610.html#a0011,The Secret of Kralitz,story,Henry Kuttner,author,,,,,,,,lsm
wt193610a0012,wt193610,wei,366,377,html/wt193610.html#a0012,The Great Keinplatz Experiment,story reprint,Arthur Conan Doyle,author,,,,,,,,lsm
wt193610a0013,wt193610,wei,378,384,html/wt193610.html#a0013,The Eyrie,letters,Farnsworth Wright,editor,,,,,,,,lsm
wt193707a0000,wt193707,wei,0,0,html/wt193707.html,Cover Design,illustration,Virgil Finlay,illustrator,,,,,,,,lsm
wt193707a0001,wt193707,wei,2,16,html/wt193707.html#a0001,The Thief of Forthe,novel,Clifford Ball,author,,,,,,,,lsm
wt193707a0002,wt193707,wei,17,17,html/wt193707.html#a0002,To Virgil Finlay,poem,H.P. Lovecraft,author,,,,,,,,lsm
wt193707a0003,wt193707,wei,18,25,html/wt193707.html#a0003,Jail-break,story,Paul Ernst,author,,,,,,,,lsm
wt193707a0004,wt193707,wei,26,47,html/wt193707.html#a0004,The Whistling Corpse,novel,G. G. Pendarves,author,,,,,,,,lsm
wt193707a0005,wt193707,wei,48,48,html/wt193707.html#a0005,To Howard Phillips Lovecraft,poem,Clark Ashton Smith,author,,,,,,,,lsm
wt193707a0006,wt193707,wei,49,67,html/wt193707.html#a0006,Raider of the Spaceways,novel,Henry Kuttner,author,,,,,,,,lsm
wt193707a0007,wt193707,wei,68,93,html/wt193707.html#a0007,The Last Pharaoh,serial,Thomas P. Kelly,author,,,,,,,,lsm
wt193707a0008,wt193707,wei,94,99,html/wt193707.html#a0008,The Ocean Ogre,story,Dana Carroll,author,,,,,,,,lsm
wt193707a0009,wt193707,wei,100,103,html/wt193707.html#a0009,The Interview,story,H. Sivia,author,,,,,,,,lsm
wt193707a0010,wt193707,wei,104,110,html/wt193707.html#a0010,The Creeper in the Crypt,story,Robert Bloch,author,,,,,,,,lsm
wt193707a0011,wt193707,wei,111,121,html/wt193707.html#a0011,The Hounds of Tindalos,story,"Frank Belknap Long, Jr.",author,,,,,,,,lsm
wt193707a0012,wt193707,wei,122,128,html/wt193707.html#a0012,The Eyrie,letters,Farnsworth Wright,editor,,,,,,,,lsm
wt193802a0000,wt193802,wei,0,0,html/wt193802.html,Cover Design,illustration,Virgil Finlay,illustrator,,,,,,,,lsm
wt193802a0001,wt193802,wei,129,130,html/wt193802.html#a0001,Old Cornish Litany,illustration,Virgil Finlay,illustrator,,,,,,,,lsm
wt193802a0002,wt193802,wei,131,151,html/wt193802.html#a0002,Frozen Beauty,novel,Seabury Quinn,author,,,,,,,,lsm
wt193802a0003,wt193802,wei,152,166,html/wt193802.html#a0003,The Diary of Alonzo Typer,novel,William Lumley,author,,,,,,,,lsm
wt193802a0004,wt193802,wei,167,193,html/wt193802.html#a0004,The Goddess Awakes,novel,Clifford Ball,author,,,,,,,,nlt
wt193802a0005,wt193802,wei,194,202,html/wt193802.html#a0005,The Strangling Hands,story,M. G. Moretti,author,,,,,,,,nlt
wt193802a0006,wt193802,wei,203,203,html/wt193802.html#a0006,Haunting Columns,poem,Robert E. Howard,author,,,,,,,,nlt
wt193802a0007,wt193802,wei,204,211,html/wt193802.html#a0007,World's End,story,Henry Kuttner,author,,,,,,,,nlt
wt193802a0008,wt193802,wei,212,226,html/wt193802.html#a0008,The Hairy Ones Shall Dance,serial,Gans T. Field,author,,,,,,,,ran
wt193802a0009,wt193802,wei,227,231,html/wt193802.html#a0009,From Beyond,story,H. P. Lovecraft,author,,,,,,,,ran
wt193802a0010,wt193802,wei,236,236,html/wt193802.html#a0010,Ally of Stars,poem,Irene Wilde,author,,,,,,,,ran
wt193802a0011,wt193802,wei,232,235,html/wt193802.html#a0011,The Piper from Bhutan,story,David Bernard,author,,,,,,,,ran
wt193802a0012,wt193802,wei,237,239,html/wt193802.html#a0012,The Passing of Van Mitten,story,Claude Farrere,author,,,,,,,,ran
wt193802a0013,wt193802,wei,240,240,html/wt193802.html#a0013,The Ghosts at Haddon-le-Green,short,Alfred I. Tooke,author,,,,,,,,ran
wt193802a0014,wt193802,wei,241,249,html/wt193802.html#a0014,Jumbee,story,Henry S. Whitehead,author,,,,,,,,ran
wt193802a0015,wt193802,wei,250,256,html/wt193802.html#a0015,The Eyrie,letters,Farnsworth Wright,editor,,,,,,,,ran
wt193803a0000,wt193803,wei,0,0,html/wt193803.html,Cover Design,illustration,M. Brundage,illustrator,,,,,,,,ran
wt193803a0001,wt193803,wei,257,258,html/wt193803.html#a0001,"Like one, that on a lonesome road",poem,Virgil Finlay,author,,,,,,,,ran
wt193803a0002,wt193803,wei,259,278,html/wt193803.html#a0002,Incense of Abomination,novel,Seabury Quinn,author,,,,,,,,ran
wt193803a0003,wt193803,wei,279,279,html/wt193803.html#a0003,The Poets,poem,Robert E. Howard,author,,,,,,,,ran
wt193803a0004,wt193803,wei,280,297,html/wt193803.html#a0004,The Thing on the Floor,novel,Thorp McClusky,author,,,,,,,,ran
wt193803a0005,wt193803,wei,298,319,html/wt193803.html#a0005,Dreadful Sleep,serial,Jack Williamson,author,,,,,,,,ran
wt193803a0006,wt193803,wei,320,330,html/wt193803.html#a0006,The Shadow on the Screen,story,Henry Kuttner,author,,,,,,,,ran
wt193803a0007,wt193803,wei,331,338,html/wt193803.html#a0007,Beyond the Wall of Sleep,story,H. P. Lovecraft,author,,,,,,,,ran
wt193803a0008,wt193803,wei,339,353,html/wt193803.html#a0008,The Hairy Ones Shall Dance,serial,Gans T. Field,author,,,,,,,,ran
wt193803a0009,wt193803,wei,354,357,html/wt193803.html#a0009,Guarded,story,Mearle Prout,author,,,,,,,,ran
wt193803a0010,wt193803,wei,358,360,html/wt193803.html#a0010,The Teakwood Box,story,Johns Harrington,author,,,,,,,,ran
wt193803a0011,wt193803,wei,361,361,html/wt193803.html#a0011,To Howard Phillips Lovecraft,poem,Francis Flagg,author,,,,,,,,ran
wt193803a0012,wt193803,wei,362,366,html/wt193803.html#a0012,The Head in the Window,story,Roy Temple House,author,,,,,,,,ran
wt193803a0013,wt193803,wei,367,377,html/wt193803.html#a0013,The Girl from Samarcand,story,E. Hoffmann Price,author,,,,,,,,ran
wt193803a0014,wt193803,wei,378,384,html/wt193803.html#a0014,The Eyrie,letters,Farnsworth Wright,editor,,,,,,,,ran
wt193807a0000,wt193807,wei,0,0,html/wt193807.html,Cover Design,illustration,Virgil Finlay,illustrator,,,,,,,,ran
wt193807a0001,wt193807,wei,1,1,html/wt193807.html,"The Weird Sisters from Shakespeare's ""Macbeth""",illustration,Virgil Finlay,illustrator,,,,,,,,ran
wt193807a0002,wt193807,wei,2,13,html/wt193807.html#a0001,Spawn of Dagon,story,Henry Kuttner,author,,,,,,,,ran
wt193807a0003,wt193807,wei,14,35,html/wt193807.html#a0002,Fortune's Fools,novel,Seabury Quinn,author,,,,,,,,ran
wt193807a0004,wt193807,wei,36,44,html/wt193807.html#a0003,Dust in the House,story,David H. Keller,author,,,,,,,,ran
wt193807a0005,wt193807,wei,45,51,html/wt193807.html#a0004,The Defense Rests,story,Julius Long,author,,,,,,,,ran
wt193807a0006,wt193807,wei,52,52,html/wt193807.html#a0005,The Messenger,poem,H. P. Lovecraft,author,,,,,,,,ran
wt193807a0007,wt193807,wei,53,69,html/wt193807.html#a0006,The Black Drama,serial,Gans T. Field,author,,,,,,,,ran
wt193807a0008,wt193807,wei,70,84,html/wt193807.html#a0007,He That Hath Wings,novel,Edmond Hamilton,author,,,,,,,,ran
wt193807a0009,wt193807,wei,85,85,html/wt193807.html#a0008,Microcosms,poem,Edgar Daniel Kramer,author,,,,,,,,ran
wt193807a0010,wt193807,wei,86,90,html/wt193807.html#a0009,Mother of Toads,story,Clark Ashton Smith,author,,,,,,,,ran
wt193807a0011,wt193807,wei,91,94,html/wt193807.html#a0010,Escape,story,Paul Ernst,author,,,,,,,,ran
wt193807a0012,wt193807,wei,95,103,html/wt193807.html#a0011,Return to the Sabbath,story,Robert Bloch,author,,,,,,,,ran
wt193807a0013,wt193807,wei,104,104,html/wt193807.html#a0012,Ships,poem,Robert E. Howard,author,,,,,,,,ran
wt193807a0014,wt193807,wei,105,121,html/wt193807.html#a0013,Saladin's Throne-Rug,story reprint,E. Hoffmann Price,author,,,,,,,,ran
wt193807a0015,wt193807,wei,122,128,html/wt193807.html#a0014,The Eyrie,letters,Farnsworth Wright,editor,,,,,,,,ran
wt193811a0000,wt193811,wei,0,0,html/wt193811.html,Cover Design,illustration,A. R. Tilburne,illustrator,,,,,,,,ran
wt193811a0001,wt193811,wei,521,550,html/wt193811.html#a0001,I Found Cleopatra,serial,Thomas P. Kelley,author,,,,,,,,ran
wt193811a0002,wt193811,wei,551,562,html/wt193811.html#a0002,Fothergill's Jug,story,Thorp McClusky,author,,,,,,,,ran
wt193811a0003,wt193811,wei,563,572,html/wt193811.html#a0003,The Hound of Pedro,story,Robert Bloch,author,,,,,,,,ran
wt193811a0004,wt193811,wei,573,588,html/wt193811.html#a0004,The Thing in the Trunk,novel,Paul Ernst,author,,,,,,,,sau
wt193811a0005,wt193811,wei,589,616,html/wt193811.html#a0005,Lynne Foster Is Dead,novel,Seabury Quinn,author,,,,,,,,sau
wt193811a0006,wt193811,wei,617,625,html/wt193811.html#a0006,The Nameless City,story,H. P. Lovecraft,author,,,,,,,,sau
wt193811a0007,wt193811,wei,626,626,html/wt193811.html#a0007,Recompense,poem,Robert E. Howard,author,,,,,,,,sau
wt193811a0008,wt193811,wei,627,634,html/wt193811.html#a0008,Leonora,story reprint,Everil Worrell,author,,,,,,,,sau
wt193811a0009,wt193811,wei,635,640,html/wt193811.html#a0009,The Eyrie,letters,Farnsworth Wright,editor,,,,,,,,sau
,,,,,,,,,,,,,,,,,sau
,,,,,,,,,,,,,,,,,sau
,,,,,,,,,,,,,,,,,sau
,,,,,,,,,,,,,,,,,sau
,,,,,,,,,,,,,,,,,sau
,,,,,,,,,,,,,,,,,sau
,,,,,,,,,,,,,,,,,sau
,,,,,,,,,,,,,,,,,sau
,,,,,,,,,,,,,,,,,sau
,,,,,,,,,,,,,,,,,sau
,,,,,,,,,,,,,,,,,sau
,,,,,,,,,,,,,,,,,sau
,,,,,,,,,,,,,,,,,sau
,,,,,,,,,,,,,,,,,sau
,,,,,,,,,,,,,,,,,sau
,,,,,,,,,,,,,,,,,sau
,,,,,,,,,,,,,,,,,sau
,,,,,,,,,,,,,,,,,sau
,,,,,,,,,,,,,,,,,sau
,,,,,,,,,,,,,,,,,sau
,,,,,,,,,,,,,,,,,sau
,,,,,,,,,,,,,,,,,sau
,,,,,,,,,,,,,,,,,sau
,,,,,,,,,,,,,,,,,sau
,,,,,,,,,,,,,,,,,sau
,,,,,,,,,,,,,,,,,sau
,,,,,,,,,,,,,,,,,sau
,,,,,,,,,,,,,,,,,sau
,,,,,,,,,,,,,,,,,sau
,,,,,,,,,,,,,,,,,sau
,,,,,,,,,,,,,,,,,sau
,,,,,,,,,,,,,,,,,sau
,,,,,,,,,,,,,,,,,sau
,,,,,,,,,,,,,,,,,sau
,,,,,,,,,,,,,,,,,sau
,,,,,,,,,,,,,,,,,sau
,,,,,,,,,,,,,,,,,sau
,,,,,,,,,,,,,,,,,sau
,,,,,,,,,,,,,,,,,sau
,,,,,,,,,,,,,,,,,sau
,,,,,,,,,,,,,,,,,sma
,,,,,,,,,,,,,,,,,sma
,,,,,,,,,,,,,,,,,sma
,,,,,,,,,,,,,,,,,sma
,,,,,,,,,,,,,,,,,sma
,,,,,,,,,,,,,,,,,sma
,,,,,,,,,,,,,,,,,sma
,,,,,,,,,,,,,,,,,sma
,,,,,,,,,,,,,,,,,sma
,,,,,,,,,,,,,,,,,sma
,,,,,,,,,,,,,,,,,sma
,,,,,,,,,,,,,,,,,sma
,,,,,,,,,,,,,,,,,sma
,,,,,,,,,,,,,,,,,sma
,,,,,,,,,,,,,,,,,sma
,,,,,,,,,,,,,,,,,sma
,,,,,,,,,,,,,,,,,sma
,,,,,,,,,,,,,,,,,sma
,,,,,,,,,,,,,,,,,sma
,,,,,,,,,,,,,,,,,sma
,,,,,,,,,,,,,,,,,sma
,,,,,,,,,,,,,,,,,sma
,,,,,,,,,,,,,,,,,sma
,,,,,,,,,,,,,,,,,sma
,,,,,,,,,,,,,,,,,sma
,,,,,,,,,,,,,,,,,sma
,,,,,,,,,,,,,,,,,sma
,,,,,,,,,,,,,,,,,sma
,,,,,,,,,,,,,,,,,wei
,,,,,,,,,,,,,,,,,wei
,,,,,,,,,,,,,,,,,wei
,,,,,,,,,,,,,,,,,wei
,,,,,,,,,,,,,,,,,wei
,,,,,,,,,,,,,,,,,wei
,,,,,,,,,,,,,,,,,wei
,,,,,,,,,,,,,,,,,wei
,,,,,,,,,,,,,,,,,wei
,,,,,,,,,,,,,,,,,wei
,,,,,,,,,,,,,,,,,wei
,,,,,,,,,,,,,,,,,wei
,,,,,,,,,,,,,,,,,wei
,,,,,,,,,,,,,,,,,wei
,,,,,,,,,,,,,,,,,wei
,,,,,,,,,,,,,,,,,wei
,,,,,,,,,,,,,,,,,wei
,,,,,,,,,,,,,,,,,wei
,,,,,,,,,,,,,,,,,wei
,,,,,,,,,,,,,,,,,wei
,,,,,,,,,,,,,,,,,wei
,,,,,,,,,,,,,,,,,wei
,,,,,,,,,,,,,,,,,wei
,,,,,,,,,,,,,,,,,wei
,,,,,,,,,,,,,,,,,wei
,,,,,,,,,,,,,,,,,wei
,,,,,,,,,,,,,,,,,wei
,,,,,,,,,,,,,,,,,wei
,,,,,,,,,,,,,,,,,wei
,,,,,,,,,,,,,,,,,wei
,,,,,,,,,,,,,,,,,wei
,,,,,,,,,,,,,,,,,wei
,,,,,,,,,,,,,,,,,wei
,,,,,,,,,,,,,,,,,wei
,,,,,,,,,,,,,,,,,wei
,,,,,,,,,,,,,,,,,wei
,,,,,,,,,,,,,,,,,wei
,,,,,,,,,,,,,,,,,wei
,,,,,,,,,,,,,,,,,wei
,,,,,,,,,,,,,,,,,wei
,,,,,,,,,,,,,,,,,wei
,,,,,,,,,,,,,,,,,wei
,,,,,,,,,,,,,,,,,wei
,,,,,,,,,,,,,,,,,wei
,,,,,,,,,,,,,,,,,wei
,,,,,,,,,,,,,,,,,wei
,,,,,,,,,,,,,,,,,wei
,,,,,,,,,,,,,,,,,wei
,,,,,,,,,,,,,,,,,wei
,,,,,,,,,,,,,,,,,wei
,,,,,,,,,,,,,,,,,wei
,,,,,,,,,,,,,,,,,wei
,,,,,,,,,,,,,,,,,wei
,,,,,,,,,,,,,,,,,wei
,,,,,,,,,,,,,,,,,wei
,,,,,,,,,,,,,,,,,wei
,,,,,,,,,,,,,,,,,wei
,,,,,,,,,,,,,,,,,wei
,,,,,,,,,,,,,,,,,wei
,,,,,,,,,,,,,,,,,wei
,,,,,,,,,,,,,,,,,wei
,,,,,,,,,,,,,,,,,wei
,,,,,,,,,,,,,,,,,wei
,,,,,,,,,,,,,,,,,wei
,,,,,,,,,,,,,,,,,wei
,,,,,,,,,,,,,,,,,wei
,,,,,,,,,,,,,,,,,wei
,,,,,,,,,,,,,,,,,wei
,,,,,,,,,,,,,,,,,wei
,,,,,,,,,,,,,,,,,wei
,,,,,,,,,,,,,,,,,wei
,,,,,,,,,,,,,,,,,wei
,,,,,,,,,,,,,,,,,wei
,,,,,,,,,,,,,,,,,wei
,,,,,,,,,,,,,,,,,wei
,,,,,,,,,,,,,,,,,wei
,,,,,,,,,,,,,,,,,wei
,,,,,,,,,,,,,,,,,wei
,,,,,,,,,,,,,,,,,wei
,,,,,,,,,,,,,,,,,wei
,,,,,,,,,,,,,,,,,wei
,,,,,,,,,,,,,,,,,wei
,,,,,,,,,,,,,,,,,wei
,,,,,,,,,,,,,,,,,wei
,,,,,,,,,,,,,,,,,wei
,,,,,,,,,,,,,,,,,wei
,,,,,,,,,,,,,,,,,wei
,,,,,,,,,,,,,,,,,wei
